date,total_cases,total_vaccinations,total_deaths,price
22 January 2020,557,,17,163.396072
23 January 2020,655,,18,163.580292
24 January 2020,941,,26,162.028778
25 January 2020,1434,,42,
26 January 2020,2118,,56,
27 January 2020,2927,,82,159.594818
28 January 2020,5578,,131,161.136642
29 January 2020,6167,,133,161.029953
30 January 2020,8235,,171,161.417877
31 January 2020,9927,,213,158.56691
01 February 2020,12038,,259,
02 February 2020,16787,,362,
03 February 2020,19887,,426,159.963272
04 February 2020,23898,,492,162.484543
05 February 2020,27643,,564,164.084549
06 February 2020,30805,,634,164.540298
07 February 2020,34399,,719,163.599701
08 February 2020,37130,,806,
09 February 2020,40161,,906,
10 February 2020,42769,,1013,164.802139
11 February 2020,44811,,1113,165.257904
12 February 2020,45229,,1118,166.295502
13 February 2020,60381,,1371,166.227615
14 February 2020,66909,,1523,166.49913
15 February 2020,69052,,1666,
16 February 2020,71235,,1770,
17 February 2020,73270,,1868,
18 February 2020,75152,,2008,166.111252
19 February 2020,75652,,2123,166.954895
20 February 2020,76212,,2248,166.450638
21 February 2020,76841,,2252,164.743958
22 February 2020,78602,,2459,
23 February 2020,78982,,2470,
24 February 2020,79550,,2630,159.323288
25 February 2020,80404,,2710,154.455338
26 February 2020,81381,,2771,153.60199
27 February 2020,82740,,2814,146.872238
28 February 2020,84128,,2873,145.883102
29 February 2020,86022,,2943,
01 March 2020,88400,,2997,
02 March 2020,90379,,3086,151.924393
03 March 2020,92980,,3160,148.00679
04 March 2020,95282,,3255,153.921997
05 March 2020,98100,,3348,148.792236
06 March 2020,102016,,3461,146.028549
07 March 2020,106113,,3565,
08 March 2020,110051,,3805,
09 March 2020,114232,,3995,134.304764
10 March 2020,119055,,4271,140.966675
11 March 2020,126714,,4616,133.829605
12 March 2020,132513,,4925,120.816116
13 March 2020,146864,,5417,131.812607
14 March 2020,157962,,5838,
15 March 2020,169241,,6483,
16 March 2020,184034,,7175,116.811211
17 March 2020,200039,,7990,122.668259
18 March 2020,219585,,8906,115.599083
19 March 2020,246683,,10022,116.452408
20 March 2020,277564,,11518,111.700844
21 March 2020,309679,,13241,
22 March 2020,344821,,14927,
23 March 2020,387488,,16885,108.520195
24 March 2020,428574,,19195,118.818504
25 March 2020,479663,,22019,120.457321
26 March 2020,542525,,25059,127.770149
27 March 2020,607435,,28544,123.696655
28 March 2020,677100,,32380,
29 March 2020,734000,,35857,
30 March 2020,799279,,39938,127.44857
31 March 2020,876098,,44670,125.626213
01 April 2020,959012,,50684,119.827782
02 April 2020,1041923,,56576,122.322556
03 April 2020,1126238,,62754,120.237076
04 April 2020,1185171,,68734,
05 April 2020,1256277,,73977,
06 April 2020,1330151,,79912,128.647232
07 April 2020,1399552,,88223,128.793427
08 April 2020,1482877,,95052,133.315216
09 April 2020,1570233,,102920,135.809998
10 April 2020,1655623,,110337,
11 April 2020,1730100,,116623,
12 April 2020,1849635,,122563,
13 April 2020,1920621,,128582,134.192307
14 April 2020,2004469,,135687,138.265823
15 April 2020,2082629,,144231,135.02063
16 April 2020,2178015,,151650,135.654099
17 April 2020,2266210,,160151,139.493713
18 April 2020,2343459,,166353,
19 April 2020,2420285,,171704,
20 April 2020,2495724,,177752,137.232834
21 April 2020,2571680,,185154,132.974121
22 April 2020,2653519,,192181,135.975677
23 April 2020,2737032,,199179,135.995193
24 April 2020,2820960,,206093,138.022171
25 April 2020,2903927,,211977,
26 April 2020,2975368,,216230,
27 April 2020,3045572,,221160,140.468246
28 April 2020,3121378,,227995,140.029709
29 April 2020,3198365,,234942,143.996017
30 April 2020,3281736,,240996,142.124939
01 May 2020,3370333,,246467,138.197586
02 May 2020,3449993,,252311,
03 May 2020,3524895,,256158,
04 May 2020,3602083,,260710,138.723846
05 May 2020,3682186,,266837,140.010223
06 May 2020,3772588,,273722,139.240372
07 May 2020,3861478,,279419,141.062714
08 May 2020,3952059,,285347,143.713425
09 May 2020,4036214,,289933,
10 May 2020,4111910,,293974,
11 May 2020,4188263,,297890,143.732895
12 May 2020,4272702,,303770,140.672897
13 May 2020,4357656,,309256,137.846786
14 May 2020,4453534,,314838,139.328064
15 May 2020,4549685,,320474,140.166153
16 May 2020,4643963,,325024,
17 May 2020,4722390,,328598,
18 May 2020,4811104,,332747,144.814651
19 May 2020,4907901,,337874,143.274872
20 May 2020,5013067,,343267,145.925583
21 May 2020,5119375,,348233,145.048523
22 May 2020,5226717,,353920,145.457809
23 May 2020,5331655,,358297,
24 May 2020,5425132,,361786,
25 May 2020,5512840,,363320,
26 May 2020,5605650,,367976,147.484848
27 May 2020,5708786,,373369,149.81395
28 May 2020,5829223,,378414,149.297455
29 May 2020,5950300,,383574,149.794464
30 May 2020,6086208,,387860,
31 May 2020,6189753,,391006,
01 June 2020,6289009,,394639,150.807983
02 June 2020,6413458,,399944,151.948166
03 June 2020,6525093,,405633,154.316284
04 June 2020,6656964,,411104,153.82901
05 June 2020,6789305,,416228,157.775833
06 June 2020,6919908,,420339,
07 June 2020,7031790,,423473,
08 June 2020,7134696,,427824,159.919815
09 June 2020,7258855,,432945,158.458008
10 June 2020,7395052,,438390,157.278824
11 June 2020,7530618,,443474,148.001328
12 June 2020,7658132,,448215,150.047821
13 June 2020,7792666,,452622,
14 June 2020,7925086,,456290,
15 June 2020,8047404,,460265,151.655807
16 June 2020,8191114,,467411,154.569626
17 June 2020,8334608,,472901,153.81926
18 June 2020,8478044,,478223,153.945953
19 June 2020,8659520,,484571,153.078644
20 June 2020,8846030,,489039,
21 June 2020,8939328,,493626,
22 June 2020,9082592,,497426,154.140869
23 June 2020,9249716,,503016,154.745056
24 June 2020,9420935,,508494,150.544846
25 June 2020,9601355,,513586,152.365723
26 June 2020,9791111,,518665,148.821899
27 June 2020,9968095,,523359,
28 June 2020,10135528,,526932,
29 June 2020,10286558,,530960,151.004959
30 June 2020,10468731,,536199,153.237
01 July 2020,10686130,,541571,154.127853
02 July 2020,10892150,,547047,154.744598
03 July 2020,11095733,,552285,
04 July 2020,11288366,,557052,
05 July 2020,11471205,,560850,
06 July 2020,11639014,,565064,157.18222
07 July 2020,11850135,,571442,155.586502
08 July 2020,12064615,,577075,156.859146
09 July 2020,12289881,,582876,155.889999
10 July 2020,12521837,,588626,157.564011
11 July 2020,12735547,,593729,
12 July 2020,12928886,,598017,
13 July 2020,13121468,,602400,155.860626
14 July 2020,13343327,,608387,157.906647
15 July 2020,13574514,,614293,159.864578
16 July 2020,13824666,,620457,159.149933
17 July 2020,14067900,,627455,159.756897
18 July 2020,14302402,,633955,
19 July 2020,14516701,,638848,
20 July 2020,14724557,,642769,160.980606
21 July 2020,14965068,,649128,161.440689
22 July 2020,15243196,,656498,162.282593
23 July 2020,15523272,,663140,160.510696
24 July 2020,15806186,,669597,159.267395
25 July 2020,16058692,,675671,
26 July 2020,16271160,,680027,
27 July 2020,16501708,,685304,160.637955
28 July 2020,16764890,,692256,159.463196
29 July 2020,17039509,,698905,161.577759
30 July 2020,17319995,,705657,161.21553
31 July 2020,17611660,,712242,162.037872
01 August 2020,17859198,,718248,
02 August 2020,18088853,,722906,
03 August 2020,18298549,,727701,163.447601
04 August 2020,18557353,,734877,164.093689
05 August 2020,18834389,,742263,165.288025
06 August 2020,19118243,,749083,166.090759
07 August 2020,19401409,,755825,166.227829
08 August 2020,19657480,,761837,
09 August 2020,19884236,,767008,
10 August 2020,20112182,,772373,166.687927
11 August 2020,20372810,,778988,165.346756
12 August 2020,20646017,,785952,167.559204
13 August 2020,20936054,,792745,167.431961
14 August 2020,21238218,,799325,167.382996
15 August 2020,21484022,,805343,
16 August 2020,21699308,,810128,
17 August 2020,21910927,,814743,168.097656
18 August 2020,22168549,,821795,168.352188
19 August 2020,22444282,,828802,167.696274
20 August 2020,22715135,,835250,168.17598
21 August 2020,22978288,,840993,168.596924
22 August 2020,23239740,,846805,
23 August 2020,23444757,,851114,
24 August 2020,23674748,,855951,170.212189
25 August 2020,23918540,,862526,170.780014
26 August 2020,24201837,,869091,172.326782
27 August 2020,24484701,,875314,172.737946
28 August 2020,24768738,,881146,173.942062
29 August 2020,25029993,,886968,
30 August 2020,25249915,,891231,
31 August 2020,25514266,,895658,173.550461
01 September 2020,25781979,,902255,175.087433
02 September 2020,26064627,,908543,177.427155
03 September 2020,26349263,,914647,171.259705
04 September 2020,26652963,,920516,169.801025
05 September 2020,26926061,,925634,
06 September 2020,27156571,,929759,
07 September 2020,27373997,,939367,
08 September 2020,27619027,,944504,165.033524
09 September 2020,27905607,,950763,168.264084
10 September 2020,28205640,,956777,165.503387
11 September 2020,28525181,,962779,165.562134
12 September 2020,28809711,,967830,
13 September 2020,29051899,,971782,
14 September 2020,29319876,,976375,168.146591
15 September 2020,29603174,,982956,169.105972
16 September 2020,29908129,,988832,168.547974
17 September 2020,30223077,,994478,167.157822
18 September 2020,30549052,,1000336,165.532776
19 September 2020,30838314,,1005650,
20 September 2020,31090032,,1009617,
21 September 2020,31368862,,1014029,163.535675
22 September 2020,31655357,,1020199,165.160782
23 September 2020,31964085,,1026748,161.176392
24 September 2020,32283392,,1032426,161.519028
25 September 2020,32615047,,1038439,164.118027
26 September 2020,32900309,,1043872,
27 September 2020,33151773,,1047718,
28 September 2020,33409641,,1051798,167.096451
29 September 2020,33693300,,1057896,166.162598
30 September 2020,34018839,,1064352,167.410995
01 October 2020,34337191,,1073252,168.806824
02 October 2020,34668176,,1078934,167.489624
03 October 2020,34965673,,1083669,
04 October 2020,35226230,,1087688,
05 October 2020,35539780,,1094759,170.50737
06 October 2020,35855504,,1100612,168.403809
07 October 2020,36206134,,1106507,171.342926
08 October 2020,36566855,,1112869,172.846863
09 October 2020,36928401,,1119053,174.301682
10 October 2020,37283124,,1123949,
11 October 2020,37570991,,1128069,
12 October 2020,37862791,,1132132,176.886917
13 October 2020,38184181,,1137554,175.953064
14 October 2020,38566569,,1143740,174.783325
15 October 2020,38975851,,1149929,174.8423
16 October 2020,39385347,,1156143,174.52774
17 October 2020,39756799,,1161834,
18 October 2020,40085605,,1165699,
19 October 2020,40462045,,1170433,172.031006
20 October 2020,40851544,,1177070,172.6306
21 October 2020,41297337,,1183932,172.040833
22 October 2020,41769685,,1189855,173.259705
23 October 2020,42267329,,1196912,173.829819
24 October 2020,42723103,,1202770,
25 October 2020,43083137,,1207031,
26 October 2020,43571127,,1212659,170.674484
27 October 2020,44042037,,1220118,169.986374
28 October 2020,44553877,,1227323,164.353912
29 October 2020,45105164,,1234526,165.907013
30 October 2020,45679372,,1242219,164.147491
31 October 2020,46151871,,1248814,
01 November 2020,46616150,,1253948,
02 November 2020,47177189,,1260119,165.857895
03 November 2020,47735904,,1269602,169.042755
04 November 2020,48246628,,1279761,172.728928
05 November 2020,48867798,,1288469,176.297119
06 November 2020,49491797,,1297570,176.208649
07 November 2020,50089036,,1305253,
08 November 2020,50573706,,1311348,
09 November 2020,51075302,,1318522,178.302383
10 November 2020,51658081,,1328583,178.007492
11 November 2020,52287354,,1339106,179.452469
12 November 2020,52933795,,1348894,177.683105
13 November 2020,53596524,,1358653,180.199539
14 November 2020,54184054,,1367705,
15 November 2020,54659333,,1374301,
16 November 2020,55192246,,1382236,182.401413
17 November 2020,55804191,,1393318,181.988556
18 November 2020,56432298,,1404764,180.06192
19 November 2020,57086705,,1415922,181.064575
20 November 2020,57759824,,1427682,180.111069
21 November 2020,58348381,,1436703,
22 November 2020,58835884,,1444124,
23 November 2020,59360378,,1452654,181.585526
24 November 2020,59956954,,1465379,184.396851
25 November 2020,60592704,,1477493,184.328064
26 November 2020,61185191,,1488505,
27 November 2020,61867389,,1499958,184.976791
28 November 2020,62457004,,1509205,
29 November 2020,62943164,,1516498,
30 November 2020,63449583,,1525428,183.521988
01 December 2020,64070616,0,1538151,185.851654
02 December 2020,64724212,0,1550814,186.008926
03 December 2020,65420529,0,1563393,186.382477
04 December 2020,66109129,1,1575836,188.250122
05 December 2020,66755510,1,1586163,
06 December 2020,67292899,1,1593872,
07 December 2020,67814976,2,1602583,188.043701
08 December 2020,68464028,7,1614865,188.859573
09 December 2020,69137163,9,1627542,187.001755
10 December 2020,70640936,10,1640205,187.276993
11 December 2020,71347638,14,1653269,186.942764
12 December 2020,71987850,14,1663990,
13 December 2020,72518202,24467,1671778,
14 December 2020,73052145,28876,1680941,186.411957
15 December 2020,73709800,1607188,1694679,188.967697
16 December 2020,74437307,1768823,1708544,189.233109
17 December 2020,75177698,2044551,1721905,190.717407
18 December 2020,75899607,2462792,1734808,190.176788
19 December 2020,76522678,2645359,1745757,
20 December 2020,77053866,2758368,1753840,
21 December 2020,77596805,3172764,1763389,189.626297
22 December 2020,78259910,3695581,1777568,189.665619
23 December 2020,78955165,4380806,1791386,189.990005
24 December 2020,79637117,4675400,1803213,190.307816
25 December 2020,80114085,4734841,1811897,
26 December 2020,80622070,4913843,1819438,
27 December 2020,81054337,5173832,1827152,
28 December 2020,81549369,5951742,1836829,191.511902
29 December 2020,82219437,6937706,1851913,190.712448
30 December 2020,82960097,8094615,1867542,191.225693
31 December 2020,83735279,11818275,1880791,192.104111
01 January 2021,84300235,12027905,1890462,
02 January 2021,84905399,13211420,1898924,
03 January 2021,85428208,13576545,1906543,
04 January 2021,85983535,14707913,1916600,189.370193
05 January 2021,86728757,16822501,1932023,190.899979
06 January 2021,87519170,18371745,1947117,192.617325
07 January 2021,88412015,20144132,1962265,195.706543
08 January 2021,89236526,22022942,1977655,196.654037
09 January 2021,89988477,27482642,1990471,
10 January 2021,90578376,30687185,1999259,
11 January 2021,91199888,32550032,2009313,195.479538
12 January 2021,91901354,34726408,2026459,196.17041
13 January 2021,92651455,38527707,2043340,196.387558
14 January 2021,93412143,41423999,2058836,196.200027
15 January 2021,94185538,44280713,2073883,194.492554
16 January 2021,94830380,46137452,2087605,
17 January 2021,95357779,47311866,2096705,
18 January 2021,95877094,49740283,2106446,
19 January 2021,96476813,52751969,2123057,196.269119
20 January 2021,97174641,61117906,2141119,198.746399
21 January 2021,97831963,64686676,2158258,198.598358
22 January 2021,98492691,68596101,2174380,198.272659
23 January 2021,99063728,71094939,2188299,
24 January 2021,99522666,72577665,2197504,
25 January 2021,100017593,75808245,2208548,198.835236
26 January 2021,100573637,79334202,2225990,198.114746
27 January 2021,101177119,91212955,2243371,193.357544
28 January 2021,101790570,95813424,2260419,194.877472
29 January 2021,102382071,100359037,2275850,191.462585
30 January 2021,102898061,103427937,2289403,
31 January 2021,103287876,106492731,2298178,
01 February 2021,103735699,109903401,2308558,194.729431
02 February 2021,104197995,113702385,2323995,197.522552
03 February 2021,104723621,125668794,2340049,197.818665
04 February 2021,105193275,131058448,2353083,200.325562
05 February 2021,105729846,136369997,2370275,201.450699
06 February 2021,106157929,139840383,2381704,
07 February 2021,106512408,141451450,2389002,
08 February 2021,106854758,145250165,2398420,203.256882
09 February 2021,107261870,159268715,2413873,203.335831
10 February 2021,107702720,164841802,2427924,203.246994
11 February 2021,108146515,170488241,2441699,203.730606
12 February 2021,108575459,176789254,2454739,204.786697
13 February 2021,108954232,180958727,2465163,
14 February 2021,109260255,183052885,2471798,
15 February 2021,109540277,187577216,2479281,
16 February 2021,109900620,192570831,2490663,204.421509
17 February 2021,110288970,198378686,2502626,203.997116
18 February 2021,110698469,204949622,2514579,202.822601
19 February 2021,111111258,210491697,2526293,203.286484
20 February 2021,111484518,214745179,2535051,
21 February 2021,111805704,216858883,2541570,
22 February 2021,112100319,221100676,2548946,201.35202
23 February 2021,112493245,227167497,2560623,201.322388
24 February 2021,112940195,233713343,2573148,203.582581
25 February 2021,113393519,241002352,2583815,198.262802
26 February 2021,113838719,248201152,2594616,197.473221
27 February 2021,114229580,253593688,2603115,
28 February 2021,114537918,268250108,2609393,
01 March 2021,114847355,273954365,2617099,202.546249
02 March 2021,115160587,285256248,2627518,200.641403
03 March 2021,115605421,293472818,2639293,197.749573
04 March 2021,116062668,303041991,2649703,194.62088
05 March 2021,116509559,311984827,2660232,198.134491
06 March 2021,116922022,319084245,2668317,
07 March 2021,117295835,322977971,2674216,
08 March 2021,117600387,330719734,2681468,197.167252
09 March 2021,118016398,339165773,2692069,200.226883
10 March 2021,118487397,349235856,2702299,201.657974
11 March 2021,118968244,358473326,2712479,204.293213
12 March 2021,119456842,368712778,2722371,204.697845
13 March 2021,119908049,376634696,2730765,
14 March 2021,120272104,392910155,2736618,
15 March 2021,120629157,403044355,2744294,206.128967
16 March 2021,121098437,413024992,2754936,205.299896
17 March 2021,121648389,423924319,2765533,206.079605
18 March 2021,122193236,434550785,2776258,202.329102
19 March 2021,122755293,447814224,2787078,202.585724
20 March 2021,123250886,466759020,2795744,
21 March 2021,123687471,470685005,2804213,
22 March 2021,124110462,487048861,2812258,203.681259
23 March 2021,124629042,500698713,2823724,201.361893
24 March 2021,125265423,515868615,2834458,199.693909
25 March 2021,125916917,533249234,2845977,201.171356
26 March 2021,126555936,552532901,2858728,204.459045
27 March 2021,127137514,566634213,2868863,
28 March 2021,127615577,575669006,2876073,
29 March 2021,128076888,591835036,2884838,203.498474
30 March 2021,128648823,607325428,2896845,203.439072
31 March 2021,129331609,627696652,2909734,204.67691
01 April 2021,130041940,649955831,2922075,207.241653
02 April 2021,130677620,669763686,2932607,
03 April 2021,131205134,682353091,2941878,
04 April 2021,131762483,692385240,2949207,
05 April 2021,132261975,706612505,2957452,209.657898
06 April 2021,132865605,725274985,2969937,209.737122
07 April 2021,133547786,744192268,2985500,209.558853
08 April 2021,134390736,768581610,2999832,210.776901
09 April 2021,135136289,789910462,3014143,212.054337
10 April 2021,135799331,806907771,3026968,
11 April 2021,136493822,817881384,3036031,
12 April 2021,137111550,836587577,3046104,212.113754
13 April 2021,137893556,854017233,3059942,212.707901
14 April 2021,138711124,873344041,3073976,212.23259
15 April 2021,139526247,892625393,3087572,214.490372
16 April 2021,140383036,910288551,3100907,215.035004
17 April 2021,141171975,924008661,3113359,
18 April 2021,141854843,934653071,3122464,
19 April 2021,142553803,950493535,3133780,213.62883
20 April 2021,143411319,965213677,3148123,211.668121
21 April 2021,144297174,984515142,3162788,214.193298
22 April 2021,145199832,1006916937,3176690,212.519745
23 April 2021,146104262,1025176116,3191992,215.094437
24 April 2021,146919435,1037613584,3204956,
25 April 2021,147645631,1054697514,3215634,
26 April 2021,148331078,1071860638,3227497,215.87674
27 April 2021,149180143,1092875956,3242486,215.77771
28 April 2021,150085985,1118885857,3258408,215.748001
29 April 2021,150982271,1143682596,3274181,216.569931
30 April 2021,151866456,1169195259,3288521,214.985519
01 May 2021,152656517,1183313209,3301422,
02 May 2021,153332489,1194232063,3311708,
03 May 2021,154026365,1208685807,3323575,215.361786
04 May 2021,154826767,1228496741,3337669,213.747681
05 May 2021,155672692,1248824081,3352537,213.708054
06 May 2021,156542069,1273310438,3367189,214.797363
07 May 2021,157373505,1300215988,3381671,216.619431
08 May 2021,158159066,1320065076,3394870,
09 May 2021,158795408,1333916274,3405226,
10 May 2021,159425579,1357035602,3416525,214.074448
11 May 2021,160162415,1382222303,3430701,212.35141
12 May 2021,160922605,1409065850,3444665,207.568451
13 May 2021,161653884,1435879238,3458275,209.855942
14 May 2021,162364310,1461630991,3471282,213.440674
15 May 2021,162993972,1485325374,3483452,
16 May 2021,163540384,1507508157,3493721,
17 May 2021,164084720,1534816855,3505180,212.985184
18 May 2021,164707127,1563471103,3519328,211.321533
19 May 2021,165380593,1591352887,3532763,210.707581
20 May 2021,165661745,1625711966,3545932,212.995087
21 May 2021,166288152,1656274728,3558872,212.876251
22 May 2021,166858962,1683976768,3570225,
23 May 2021,167338915,1706415140,3580006,
24 May 2021,167791388,1736416649,3589125,215.025101
25 May 2021,168324831,1769740710,3602357,214.430954
26 May 2021,168894270,1805527182,3615161,215.203354
27 May 2021,169445663,1838559342,3628024,215.599457
28 May 2021,169950383,1871886922,3640017,215.965851
29 May 2021,170428901,1903859536,3650729,
30 May 2021,170818886,1932094431,3659086,
31 May 2021,171203991,1969507692,3667889,
01 June 2021,171666713,2008396077,3683134,216.054993
02 June 2021,172153622,2049079999,3695042,216.342163
03 June 2021,172635729,2084105947,3705132,215.381607
04 June 2021,173060700,2123493315,3715829,217.253189
05 June 2021,173455621,2155872799,3725191,
06 June 2021,173779698,2181923120,3732423,
07 June 2021,174102777,2213637147,3740602,217.431442
08 June 2021,174472806,2248789979,3751241,217.87706
09 June 2021,174891866,2285896165,3761407,217.263092
10 June 2021,175344729,2325086175,3777402,218.223633
11 June 2021,175766889,2361978330,3789173,218.867325
12 June 2021,176134818,2392988963,3798880,
13 June 2021,176437530,2420107594,3808138,
14 June 2021,176747758,2448772729,3816194,219.20401
15 June 2021,177125646,2488279577,3826999,218.629654
16 June 2021,177515522,2529703591,3837036,217.540359
17 June 2021,177910519,2575073475,3846338,217.332413
18 June 2021,178314019,2618491367,3855548,214.638916
19 June 2021,178659339,2656206668,3863632,
20 June 2021,178962227,2689425224,3870367,
21 June 2021,179262161,2732861533,3877431,217.599792
22 June 2021,179670415,2776518820,3886402,218.837616
23 June 2021,180070385,2819872056,3895808,218.748474
24 June 2021,180478332,2868276268,3904434,220.233475
25 June 2021,180896063,2913616293,3913671,221.057907
26 June 2021,181258790,2955642248,3921149,
27 June 2021,181568625,2990554329,3927229,
28 June 2021,181900995,3028990006,3933822,221.306229
29 June 2021,182281708,3070903486,3941995,221.316147
30 June 2021,182682016,3108548079,3951200,221.326096
01 July 2021,183118969,3152648126,3959770,222.527985
02 July 2021,183558648,3187106501,3968069,223.759674
03 July 2021,183934712,3221325404,3974982,
04 July 2021,184260986,3246137672,3981594,
05 July 2021,184635861,3279206365,3988979,
06 July 2021,185088142,3311921845,3997494,223.272949
07 July 2021,185551742,3344943534,4006013,223.570938
08 July 2021,186032520,3384196340,4014943,221.68367
09 July 2021,186540759,3411040790,4023304,224.365585
10 July 2021,186963795,3440015955,4029883,
11 July 2021,187332734,3461222259,4037486,
12 July 2021,187771064,3491389963,4045573,224.991348
13 July 2021,188294597,3525673611,4053960,223.739807
14 July 2021,188834427,3562496301,4062581,223.431885
15 July 2021,189408166,3597927345,4071179,222.647171
16 July 2021,190003778,3630943235,4079838,220.898972
17 July 2021,190492968,3659112345,4087336,
18 July 2021,190906828,3678956365,4093970,
19 July 2021,191404112,3712317204,4101138,217.760162
20 July 2021,191937615,3745646482,4121852,221.524765
21 July 2021,192497749,3777938733,4130531,223.511353
22 July 2021,193061072,3817220630,4139311,223.700073
23 July 2021,193788566,3855256557,4147608,225.934982
24 July 2021,194218987,3886095811,4156287,
25 July 2021,194664911,3913141393,4163607,
26 July 2021,195206292,3954124879,4171430,226.391907
27 July 2021,195818712,3994702276,4181261,225.170151
28 July 2021,196462059,4037050748,4191455,225.517792
29 July 2021,197113969,4082951073,4202309,226.511093
30 July 2021,197843743,4125829122,4211871,225.170151
31 July 2021,198352978,4158411700,4220678,
01 August 2021,198835032,4197643917,4228037,
02 August 2021,199414373,4236313291,4236098,224.85228
03 August 2021,200051965,4291373430,4246473,226.461441
04 August 2021,200727192,4336806704,4256996,225.448257
05 August 2021,201415561,4377625304,4267972,227.057404
06 August 2021,202237892,4415435830,4278455,227.335526
07 August 2021,202787712,4446730700,4287090,
08 August 2021,203230747,4477095172,4294535,
09 August 2021,203884202,4520567700,4303263,227.246124
10 August 2021,204533430,4560387828,4314877,227.395111
11 August 2021,205264957,4598229503,4325370,227.842117
12 August 2021,205971623,4633051363,4335913,228.477814
13 August 2021,206776401,4675020787,4346316,228.606949
14 August 2021,207310902,4705377474,4354998,
15 August 2021,207777013,4731100630,4362369,
16 August 2021,208454685,4772846337,4372146,228.69635
17 August 2021,209139160,4813068484,4382903,226.997818
18 August 2021,209865865,4851064186,4393664,224.733093
19 August 2021,210581230,4886861675,4405216,224.56424
20 August 2021,211371693,4926785522,4415704,226.580627
21 August 2021,211912219,4957892794,4424565,
22 August 2021,212360895,4986926697,4432222,
23 August 2021,213061921,5019046110,4442337,228.775818
24 August 2021,213749792,5064650749,4453398,229.590317
25 August 2021,214479436,5108167385,4464737,230.24588
26 August 2021,215215031,5150198367,4476348,228.706284
27 August 2021,215961179,5201029261,4486646,231.169647
28 August 2021,216510874,5237232718,4495109,
29 August 2021,216958739,5284229053,4501823,
30 August 2021,217640338,5319255192,4511351,232.043747
31 August 2021,218261785,5360167167,4520531,231.606705
01 September 2021,218987532,5406112173,4533000,232.013947
02 September 2021,219665294,5439499241,4544233,232.798645
03 September 2021,220381451,5467018870,4554915,232.719193
04 September 2021,220869411,5492496832,4562620,
05 September 2021,221312603,5522993921,4569131,
06 September 2021,221756670,5551020848,4577161,
07 September 2021,222470862,5586917790,4587628,231.715958
08 September 2021,223102974,5626397626,4597669,231.169647
09 September 2021,223742531,5664006664,4608518,230.365082
10 September 2021,224377025,5693384569,4617677,228.537415
11 September 2021,224837462,5727281124,4626007,
12 September 2021,225206068,5762152850,4631558,
13 September 2021,225801829,5794549225,4640647,229.05394
14 September 2021,226353361,5821297372,4650563,227.673248
15 September 2021,226919820,5852663535,4661014,229.550583
16 September 2021,227497415,5884383290,4671516,229.34198
17 September 2021,228115094,5909993630,4680515,227.504395
18 September 2021,228630723,5948730179,4686994,
19 September 2021,228993966,5974503846,4693056,
20 September 2021,229522959,6002615203,4701244,223.561005
21 September 2021,230008092,6032758161,4710553,223.541138
22 September 2021,230542378,6059881569,4720478,225.795929
23 September 2021,231054404,6092850873,4730240,228.547348
24 September 2021,231601215,6121648510,4739024,228.820374
25 September 2021,231969708,6142094705,4744446,
26 September 2021,232319787,6161007441,4749871,
27 September 2021,232782645,6209286529,4757561,228.322159
28 September 2021,233233597,6236406535,4766970,223.539291
29 September 2021,233735526,6267948969,4776345,223.688766
30 September 2021,234214715,6297634826,4785164,221.267426
01 October 2021,234753616,6320212057,4793762,224.316498
02 October 2021,235101689,6340748100,4799627,
03 October 2021,235409436,6364000326,4803889,
04 October 2021,235851364,6386578037,4811066,220.938599
05 October 2021,236273157,6420427098,4818491,223.001221
06 October 2021,236786770,6444021190,4827757,223.927887
07 October 2021,237218638,6467687962,4836600,226.080185
08 October 2021,237693475,6498583771,4844178,225.58197
09 October 2021,238026479,6518926994,4849004,
10 October 2021,238342607,6548407557,4853669,
11 October 2021,238720853,6568251993,4859428,223.957779
12 October 2021,239154164,6591193685,4867555,223.79837
13 October 2021,239618024,6614213330,4876362,224.814713
14 October 2021,240063533,6637043655,4884384,228.551331
15 October 2021,240519668,6656445204,4891617,229.906479
16 October 2021,240857196,6670874862,4896871,
17 October 2021,241171749,6697437682,4901136,
18 October 2021,241585823,6727296676,4907594,230.743484
19 October 2021,242028241,6754716590,4915869,232.427444
20 October 2021,242499545,6790684487,4924567,233.334198
21 October 2021,242956657,6816815622,4932267,233.971924
22 October 2021,243441202,6843585265,4940463,233.523529
23 October 2021,243802951,6870326706,4946270,
24 October 2021,244118161,6894006279,4950788,
25 October 2021,244549144,6915393117,4957444,234.958389
26 October 2021,244991831,6942262723,4965348,234.868713
27 October 2021,245504252,6966341831,4974524,233.264465
28 October 2021,245961749,6996994053,4983088,235.755539
29 October 2021,246467277,7034335155,4991165,236.064423
30 October 2021,246849499,7066385735,4997150,
31 October 2021,247170429,7099665630,5001629,
01 November 2021,247592639,7124825374,5007918,237.240204
02 November 2021,248021648,7150989737,5015235,237.97757
03 November 2021,248544507,7180109955,5023615,239.661545
04 November 2021,249072189,7212860925,5031318,240.568283
05 November 2021,249587199,7246342946,5039903,241.49498
06 November 2021,250002099,7274020790,5046450,
07 November 2021,250349411,7302214942,5050921,
08 November 2021,250827431,7331059157,5057600,241.893539
09 November 2021,251311409,7364953912,5065842,241.196045
10 November 2021,251888544,7404307951,5073998,238.824524
11 November 2021,252406539,7438316923,5081691,239.11351
12 November 2021,252999588,7471445585,5090707,240.887146
13 November 2021,253424566,7505234472,5096956,
14 November 2021,253777247,7532342999,5101555,
15 November 2021,254319873,7559154462,5108535,240.887146
16 November 2021,254843625,7586489531,5116223,241.923431
17 November 2021,255469953,7619181887,5125412,240.927002
18 November 2021,256083934,7650321092,5133691,241.305649
19 November 2021,256698685,7683338828,5141724,240.618103
20 November 2021,257177089,7718692947,5147774,
21 November 2021,257574539,7745855177,5152288,
22 November 2021,258198037,7775507600,5159522,239.462265
23 November 2021,258808073,7807427813,5167564,239.541962
24 November 2021,259479464,7844932792,5176221,240.349091
25 November 2021,260077827,7874099386,5184024,
26 November 2021,260672259,7909731808,5190782,235.14772
27 November 2021,261122929,7940219318,5196641,
28 November 2021,261529648,7978982803,5201374,
29 November 2021,262192689,8012032440,5209124,237.359787
30 November 2021,262818343,8052401580,5217050,232.616776
01 December 2021,263526081,8095433026,5226206,229.338516
02 December 2021,264226450,8136241469,5236239,233.065155
03 December 2021,264940453,8167876047,5244707,230.364838
04 December 2021,265448446,8206383452,5250149,
05 December 2021,265887208,8237008062,5257433,
06 December 2021,266479904,8266214888,5264382,233.324249
07 December 2021,267172457,8296010101,5272588,238.31636
08 December 2021,267845234,8333046545,5280603,239.342682
09 December 2021,268573169,8372538178,5289323,237.060852
10 December 2021,269270292,8422803792,5297359,238.675079
11 December 2021,269765294,8470561516,5303201,
12 December 2021,270201389,8501001743,5307669,
13 December 2021,270829349,8530625701,5314115,236.502853
14 December 2021,271491083,8574304932,5321775,234.729218
15 December 2021,272229776,8617147051,5330839,238.346252
16 December 2021,272970953,8649783786,5338069,235.675827
17 December 2021,273699358,8694206765,5344904,234.59967
18 December 2021,274274413,8729094157,5350816,
19 December 2021,274751745,8761920876,5355029,
20 December 2021,275504086,8806509314,5361857,231.301483
21 December 2021,276293870,8844573402,5369476,235.835236
22 December 2021,277194688,8878730682,5377591,238.166901
23 December 2021,278177141,8924218049,5386736,239.811005
24 December 2021,279011244,8956991182,5392876,
25 December 2021,279523785,8983752713,5396980,
26 December 2021,279996000,9008818366,5400378,
27 December 2021,281486304,9041915685,5406934,242.960007
28 December 2021,282800017,9082039033,5414213,242.460007
29 December 2021,284530653,9118779206,5422092,242.600006
30 December 2021,286480121,9151879568,5429544,242.210007
31 December 2021,288195906,9180260623,5436581,