ETF,date,price,index
VT,22/01/2020,79.519882,100
VT,23/01/2020,79.433304,99.89112408
VT,24/01/2020,78.807991,99.10476351
VT,25/01/2020,,0
VT,26/01/2020,,0
VT,27/01/2020,77.345734,97.26590641
VT,28/01/2020,78.105728,98.22163469
VT,29/01/2020,78.028763,98.12484757
VT,30/01/2020,78.028763,98.12484757
VT,31/01/2020,76.701187,96.45535817
VT,01/02/2020,,0
VT,02/02/2020,,0
VT,03/02/2020,77.124466,96.98765147
VT,04/02/2020,78.394325,98.58455902
VT,05/02/2020,79.106224,99.47980557
VT,06/02/2020,79.356339,99.79433697
VT,07/02/2020,78.711792,98.98378873
VT,08/02/2020,,0
VT,09/02/2020,,0
VT,10/02/2020,79.125458,99.50399323
VT,11/02/2020,79.519882,100
VT,12/02/2020,80.010506,100.6169828
VT,13/02/2020,79.721901,100.2540484
VT,14/02/2020,79.779633,100.3266491
VT,15/02/2020,,0
VT,16/02/2020,,0
VT,17/02/2020,,0
VT,18/02/2020,79.433304,99.89112408
VT,19/02/2020,79.85659,100.4234262
VT,20/02/2020,79.414063,99.86692762
VT,21/02/2020,78.769501,99.05636052
VT,22/02/2020,,0
VT,23/02/2020,,0
VT,24/02/2020,76.066254,95.65689999
VT,25/02/2020,74.257668,93.38251785
VT,26/02/2020,74.132614,93.22525655
VT,27/02/2020,71.390884,89.77740183
VT,28/02/2020,71.159988,89.48703923
VT,29/02/2020,,0
VT,01/03/2020,,0
VT,02/03/2020,73.112892,91.94290806
VT,03/03/2020,71.69873,90.16453269
VT,04/03/2020,74.094124,93.17685356
VT,05/03/2020,71.977699,90.51534936
VT,06/03/2020,70.707855,88.91846067
VT,07/03/2020,,0
VT,08/03/2020,,0
VT,09/03/2020,65.128181,81.9017576
VT,10/03/2020,68.081566,85.61577845
VT,11/03/2020,64.714516,81.38155436
VT,12/03/2020,58.095879,73.05830635
VT,13/03/2020,62.723152,78.87732027
VT,14/03/2020,,0
VT,15/03/2020,,0
VT,16/03/2020,55.421494,69.69514115
VT,17/03/2020,58.605747,73.69948939
VT,18/03/2020,54.873138,69.00555763
VT,19/03/2020,55.411865,69.68303223
VT,20/03/2020,53.901508,67.7836871
VT,21/03/2020,,0
VT,22/03/2020,,0
VT,23/03/2020,52.617935,66.16953355
VT,24/03/2020,57.427723,72.21806868
VT,25/03/2020,58.741241,73.86987948
VT,26/03/2020,61.715965,77.61073514
VT,27/03/2020,59.658772,75.02371797
VT,28/03/2020,,0
VT,29/03/2020,,0
VT,30/03/2020,61.242718,77.01560473
VT,31/03/2020,60.653557,76.274707
VT,01/04/2020,57.978241,72.91037102
VT,02/04/2020,59.166195,74.40427917
VT,03/04/2020,58.132774,73.10470355
VT,04/04/2020,,0
VT,05/04/2020,,0
VT,06/04/2020,61.696655,77.5864519
VT,07/04/2020,61.928452,77.87794756
VT,08/04/2020,63.415817,79.74837915
VT,09/04/2020,64.594109,81.23013689
VT,10/04/2020,,0
VT,11/04/2020,,0
VT,12/04/2020,,0
VT,13/04/2020,64.014633,80.5014185
VT,14/04/2020,65.550293,82.43258334
VT,15/04/2020,63.840767,80.28277381
VT,16/04/2020,64.091888,80.5985703
VT,17/04/2020,65.782074,82.72405887
VT,18/04/2020,,0
VT,19/04/2020,,0
VT,20/04/2020,64.796944,81.48521146
VT,21/04/2020,62.96188,79.17753198
VT,22/04/2020,64.34301,80.91436806
VT,23/04/2020,64.294708,80.85362602
VT,24/04/2020,64.999763,81.74026591
VT,25/04/2020,,0
VT,26/04/2020,,0
VT,27/04/2020,66.1008,83.12487184
VT,28/04/2020,66.1008,83.12487184
VT,29/04/2020,67.984146,85.49326821
VT,30/04/2020,66.941063,84.18154217
VT,01/05/2020,65.202591,81.99533168
VT,02/05/2020,,0
VT,03/05/2020,,0
VT,04/05/2020,65.395737,82.23822188
VT,05/05/2020,65.859352,82.8212396
VT,06/05/2020,65.473007,82.33539255
VT,07/05/2020,66.361565,83.45279612
VT,08/05/2020,67.53022,84.92243487
VT,09/05/2020,,0
VT,10/05/2020,,0
VT,11/05/2020,67.520554,84.91027942
VT,12/05/2020,66.361565,83.45279612
VT,13/05/2020,65.43438,82.28681728
VT,14/05/2020,65.733788,82.66333695
VT,15/05/2020,65.859352,82.8212396
VT,16/05/2020,,0
VT,17/05/2020,,0
VT,18/05/2020,68.177307,85.73617727
VT,19/05/2020,67.491577,84.87383948
VT,20/05/2020,68.660225,86.34346942
VT,21/05/2020,68.071075,85.60258553
VT,22/05/2020,68.003471,85.51757031
VT,23/05/2020,,0
VT,24/05/2020,,0
VT,25/05/2020,,0
VT,26/05/2020,69.297676,87.1450941
VT,27/05/2020,70.234512,88.32320953
VT,28/05/2020,70.27314,88.37178606
VT,29/05/2020,70.427666,88.56610979
VT,30/05/2020,,0
VT,31/05/2020,,0
VT,01/06/2020,71.335541,89.7078054
VT,02/06/2020,72.127518,90.70375381
VT,03/06/2020,73.412071,92.31913976
VT,04/06/2020,73.05471,91.86974146
VT,05/06/2020,74.8125,94.08024524
VT,06/06/2020,,0
VT,07/06/2020,,0
VT,08/06/2020,75.749359,95.25838959
VT,09/06/2020,74.957382,94.26244118
VT,10/06/2020,74.735237,93.98308338
VT,11/06/2020,70.475967,88.62685058
VT,12/06/2020,71.538361,89.96286111
VT,13/06/2020,,0
VT,14/06/2020,,0
VT,15/06/2020,71.972984,90.50942002
VT,16/06/2020,73.199585,92.0519286
VT,17/06/2020,73.093338,91.91831799
VT,18/06/2020,73.025734,91.83330277
VT,19/06/2020,72.687698,91.40820657
VT,20/06/2020,,0
VT,21/06/2020,,0
VT,22/06/2020,73.328201,92.21366928
VT,23/06/2020,73.629051,92.59200234
VT,24/06/2020,71.862808,90.37086851
VT,25/06/2020,72.668282,91.38379003
VT,26/06/2020,71.270821,89.62641695
VT,27/06/2020,,0
VT,28/06/2020,,0
VT,29/06/2020,72.124825,90.70036724
VT,30/06/2020,72.590645,91.28615784
VT,01/07/2020,73.075882,91.89636624
VT,02/07/2020,73.735794,92.72623669
VT,03/07/2020,,0
VT,04/07/2020,,0
VT,05/07/2020,,0
VT,06/07/2020,75.094444,94.43480311
VT,07/07/2020,74.211327,93.32424185
VT,08/07/2020,74.948891,94.25176335
VT,09/07/2020,74.473351,93.65374939
VT,10/07/2020,75.075035,94.41039538
VT,11/07/2020,,0
VT,12/07/2020,,0
VT,13/07/2020,74.473351,93.65374939
VT,14/07/2020,75.346764,94.7521074
VT,15/07/2020,76.14254,95.75283323
VT,16/07/2020,75.71553,95.21584803
VT,17/07/2020,75.987274,95.55757892
VT,18/07/2020,,0
VT,19/07/2020,,0
VT,20/07/2020,76.598656,96.32642061
VT,21/07/2020,76.889809,96.69255923
VT,22/07/2020,77.200356,97.08308672
VT,23/07/2020,76.385155,96.05793303
VT,24/07/2020,75.97757,95.54537568
VT,25/07/2020,,0
VT,26/07/2020,,0
VT,27/07/2020,76.792755,96.57050925
VT,28/07/2020,76.2687,95.91148538
VT,29/07/2020,77.239166,97.13189212
VT,30/07/2020,76.734528,96.49728605
VT,31/07/2020,76.433685,96.1189618
VT,01/08/2020,,0
VT,02/08/2020,,0
VT,03/08/2020,77.3265,97.24171874
VT,04/08/2020,77.714699,97.72989729
VT,05/08/2020,78.238754,98.38892115
VT,06/08/2020,78.5784,98.81604201
VT,07/08/2020,78.306679,98.47434004
VT,08/08/2020,,0
VT,09/08/2020,,0
VT,10/08/2020,78.52018,98.74282761
VT,11/08/2020,78.277565,98.43772781
VT,12/08/2020,79.451828,99.91441889
VT,13/08/2020,79.238327,99.64593132
VT,14/08/2020,79.092758,99.46287144
VT,15/08/2020,,0
VT,16/08/2020,,0
VT,17/08/2020,79.57798,100.073061
VT,18/08/2020,79.64592,100.1584987
VT,19/08/2020,79.248032,99.65813581
VT,20/08/2020,79.267441,99.68254354
VT,21/08/2020,79.345078,99.78017573
VT,22/08/2020,,0
VT,23/08/2020,,0
VT,24/08/2020,80.169968,100.8175138
VT,25/08/2020,80.451401,101.1714291
VT,26/08/2020,81.082191,101.9646772
VT,27/08/2020,80.897812,101.7328119
VT,28/08/2020,81.489807,102.4772735
VT,29/08/2020,,0
VT,30/08/2020,,0
VT,31/08/2020,81.023972,101.8914641
VT,01/09/2020,81.635376,102.6603334
VT,02/09/2020,82.557297,103.8196925
VT,03/09/2020,80.082619,100.7076683
VT,04/09/2020,79.781776,100.3293441
VT,05/09/2020,,0
VT,06/09/2020,,0
VT,07/09/2020,,0
VT,08/09/2020,77.937889,98.01056923
VT,09/09/2020,79.364479,99.8045734
VT,10/09/2020,78.248444,98.40110678
VT,11/09/2020,78.55899,98.79163302
VT,12/09/2020,,0
VT,13/09/2020,,0
VT,14/09/2020,79.548859,100.0364399
VT,15/09/2020,80.014694,100.6222494
VT,16/09/2020,79.878822,100.451384
VT,17/09/2020,79.451828,99.91441889
VT,18/09/2020,78.75309,99.03572292
VT,19/09/2020,,0
VT,20/09/2020,,0
VT,21/09/2020,77.605164,97.59215186
VT,22/09/2020,77.966034,98.0459629
VT,23/09/2020,76.46405,96.15714722
VT,24/09/2020,76.503067,96.20621293
VT,25/09/2020,77.341835,97.26100323
VT,26/09/2020,,0
VT,27/09/2020,,0
VT,28/09/2020,78.560959,98.79410913
VT,29/09/2020,78.278122,98.43842827
VT,30/09/2020,78.648743,98.90450164
VT,01/10/2020,79.282684,99.70171233
VT,02/10/2020,78.775528,99.06393976
VT,03/10/2020,,0
VT,04/10/2020,,0
VT,05/10/2020,80.072685,100.6951758
VT,06/10/2020,79.253426,99.66491902
VT,07/10/2020,80.375031,101.0753902
VT,08/10/2020,81.038231,101.9093954
VT,09/10/2020,81.652687,102.6821028
VT,10/10/2020,,0
VT,11/10/2020,,0
VT,12/10/2020,82.549957,103.8104621
VT,13/10/2020,82.013535,103.1358862
VT,14/10/2020,81.652687,102.6821028
VT,15/10/2020,81.26255,102.1914872
VT,16/10/2020,81.301567,102.2405529
VT,17/10/2020,,0
VT,18/10/2020,,0
VT,19/10/2020,80.531082,101.2716317
VT,20/10/2020,80.911453,101.7499661
VT,21/10/2020,80.706627,101.4923878
VT,22/10/2020,81.01873,101.884872
VT,23/10/2020,81.389343,102.3509353
VT,24/10/2020,,0
VT,25/10/2020,,0
VT,26/10/2020,79.945885,100.5357189
VT,27/10/2020,79.604538,100.1064589
VT,28/10/2020,77.137001,97.00341482
VT,29/10/2020,77.809975,97.84971135
VT,30/10/2020,77.039482,96.88078008
VT,31/10/2020,,0
VT,01/11/2020,,0
VT,02/11/2020,77.995277,98.08273735
VT,03/11/2020,79.467987,99.93473959
VT,04/11/2020,80.96022,101.8112929
VT,05/11/2020,82.676743,103.9699015
VT,06/11/2020,82.774284,104.0925639
VT,07/11/2020,,0
VT,08/11/2020,,0
VT,09/11/2020,84.100708,105.7606046
VT,10/11/2020,84.159225,105.8341925
VT,11/11/2020,84.695633,106.5087509
VT,12/11/2020,83.798355,105.3803815
VT,13/11/2020,84.978477,106.8644405
VT,14/11/2020,,0
VT,15/11/2020,,0
VT,16/11/2020,86.061066,108.2258472
VT,17/11/2020,85.885506,108.0050722
VT,18/11/2020,85.144287,107.0729544
VT,19/11/2020,85.670944,107.7352504
VT,20/11/2020,85.534393,107.5635311
VT,21/11/2020,,0
VT,22/11/2020,,0
VT,23/11/2020,85.953789,108.0909413
VT,24/11/2020,87.260689,109.7344297
VT,25/11/2020,87.124153,109.5627292
VT,26/11/2020,,0
VT,27/11/2020,87.553276,110.1023716
VT,28/11/2020,,0
VT,29/11/2020,,0
VT,30/11/2020,86.56823,108.8636299
VT,01/12/2020,87.855644,110.4826136
VT,02/12/2020,87.914139,110.5561739
VT,03/12/2020,88.206741,110.9241347
VT,04/12/2020,89.05526,111.9911873
VT,05/12/2020,,0
VT,06/12/2020,,0
VT,07/12/2020,88.772423,111.6355065
VT,08/12/2020,89.05526,111.9911873
VT,09/12/2020,88.509087,111.304349
VT,10/12/2020,88.762665,111.6232353
VT,11/12/2020,88.528587,111.3288712
VT,12/12/2020,,0
VT,13/12/2020,,0
VT,14/12/2020,88.333534,111.0835828
VT,15/12/2020,89.474648,112.5185875
VT,16/12/2020,89.689209,112.7884081
VT,17/12/2020,90.264648,113.5120497
VT,18/12/2020,89.981804,113.1563601
VT,19/12/2020,,0
VT,20/12/2020,,0
VT,21/12/2020,89.336189,112.3444688
VT,22/12/2020,89.247879,112.2334148
VT,23/12/2020,89.659973,112.7516424
VT,24/12/2020,89.86602,113.0107562
VT,25/12/2020,,0
VT,26/12/2020,,0
VT,27/12/2020,,0
VT,28/12/2020,90.278114,113.5289839
VT,29/12/2020,90.454735,113.7510931
VT,30/12/2020,90.768707,114.1459277
VT,31/12/2020,90.837387,114.232296
VT,01/01/2021,,0
VT,02/01/2021,,0
VT,03/01/2021,,0
VT,04/01/2021,90.317368,113.5783476
VT,05/01/2021,91.30835,114.8245542
VT,06/01/2021,91.955933,115.6389203
VT,07/01/2021,92.888046,116.8110964
VT,08/01/2021,93.731865,117.8722385
VT,09/01/2021,,0
VT,10/01/2021,,0
VT,11/01/2021,92.888046,116.8110964
VT,12/01/2021,93.241272,117.2552947
VT,13/01/2021,93.319763,117.3540009
VT,14/01/2021,93.476753,117.5514232
VT,15/01/2021,92.505386,116.3298834
VT,16/01/2021,,0
VT,17/01/2021,,0
VT,18/01/2021,,0
VT,19/01/2021,93.309959,117.3416719
VT,20/01/2021,94.438309,118.7606252
VT,21/01/2021,94.467743,118.7976398
VT,22/01/2021,94.026215,118.2423975
VT,23/01/2021,,0
VT,24/01/2021,,0
VT,25/01/2021,94.232262,118.5015114
VT,26/01/2021,93.957535,118.1560292
VT,27/01/2021,91.700821,115.318105
VT,28/01/2021,92.446518,116.2558541
VT,29/01/2021,90.63134,113.9731822
VT,30/01/2021,,0
VT,31/01/2021,,0
VT,01/02/2021,92.181602,115.9227097
VT,02/02/2021,93.45713,117.5267463
VT,03/02/2021,93.604309,117.7118309
VT,04/02/2021,94.251877,118.5261781
VT,05/02/2021,94.83078,119.254176
VT,06/02/2021,,0
VT,07/02/2021,,0
VT,08/02/2021,95.488167,120.0808711
VT,09/02/2021,95.782524,120.4510389
VT,10/02/2021,95.772713,120.4387011
VT,11/02/2021,96.263306,121.0556449
VT,12/02/2021,96.724449,121.635554
VT,13/02/2021,,0
VT,14/02/2021,,0
VT,15/02/2021,,0
VT,16/02/2021,96.852005,121.7959617
VT,17/02/2021,96.538025,121.401117
VT,18/02/2021,96.018005,120.7471674
VT,19/02/2021,96.263306,121.0556449
VT,20/02/2021,,0
VT,21/02/2021,,0
VT,22/02/2021,95.233063,119.7600658
VT,23/02/2021,95.409668,119.9821549
VT,24/02/2021,96.018005,120.7471674
VT,25/02/2021,93.829971,117.9956115
VT,26/02/2021,93.054848,117.0208578
VT,27/02/2021,,0
VT,28/02/2021,,0
VT,01/03/2021,95.262497,119.7970804
VT,02/03/2021,94.644356,119.019739
VT,03/03/2021,93.643562,117.7611934
VT,04/03/2021,92.279724,116.0461028
VT,05/03/2021,93.545433,117.6377915
VT,06/03/2021,,0
VT,07/03/2021,,0
VT,08/03/2021,92.878235,116.7987586
VT,09/03/2021,94.320564,118.6125553
VT,10/03/2021,94.7621,119.1678076
VT,11/03/2021,95.97876,120.6978149
VT,12/03/2021,95.988571,120.7101527
VT,13/03/2021,,0
VT,14/03/2021,,0
VT,15/03/2021,96.390846,121.2160325
VT,16/03/2021,96.312363,121.1173364
VT,17/03/2021,96.724449,121.635554
VT,18/03/2021,95.311554,119.8587719
VT,19/03/2021,95.409668,119.9821549
VT,20/03/2021,,0
VT,21/03/2021,,0
VT,22/03/2021,95.835625,120.5178159
VT,23/03/2021,94.645309,119.0209374
VT,24/03/2021,93.88784,118.0683845
VT,25/03/2021,94.428886,118.7487753
VT,26/03/2021,95.904495,120.6044232
VT,27/03/2021,,0
VT,28/03/2021,,0
VT,29/03/2021,95.540512,120.1466974
VT,30/03/2021,95.520836,120.1219539
VT,31/03/2021,95.707756,120.3570146
VT,01/04/2021,96.966934,121.9404903
VT,02/04/2021,,0
VT,03/04/2021,,0
VT,04/04/2021,,0
VT,05/04/2021,98.078552,123.3384023
VT,06/04/2021,97.871971,123.078617
VT,07/04/2021,97.724403,122.8930433
VT,08/04/2021,98.344162,123.6724194
VT,09/04/2021,98.708138,124.1301364
VT,10/04/2021,,0
VT,11/04/2021,,0
VT,12/04/2021,98.501549,123.870341
VT,13/04/2021,98.875374,124.3404436
VT,14/04/2021,98.836029,124.2909654
VT,15/04/2021,99.790253,125.490947
VT,16/04/2021,100.173912,125.9734163
VT,17/04/2021,,0
VT,18/04/2021,,0
VT,19/04/2021,99.72139,125.4043486
VT,20/04/2021,98.59993,123.9940597
VT,21/04/2021,99.603348,125.2559052
VT,22/04/2021,98.973747,124.4641522
VT,23/04/2021,100.124725,125.9115613
VT,24/04/2021,,0
VT,25/04/2021,,0
VT,26/04/2021,100.419846,126.2826899
VT,27/04/2021,100.311638,126.1466132
VT,28/04/2021,100.49855,126.3816639
VT,29/04/2021,100.724808,126.666194
VT,30/04/2021,99.662361,125.3301168
VT,01/05/2021,,0
VT,02/05/2021,,0
VT,03/05/2021,100.124725,125.9115613
VT,04/05/2021,99.150826,124.6868374
VT,05/05/2021,99.593506,125.2435284
VT,06/05/2021,100.252609,126.0723815
VT,07/05/2021,101.196999,127.2599964
VT,08/05/2021,,0
VT,09/05/2021,,0
VT,10/05/2021,100.173912,125.9734163
VT,11/05/2021,99.298386,124.8724011
VT,12/05/2021,97.153847,122.1755422
VT,13/05/2021,98.058884,123.3136689
VT,14/05/2021,99.6427,125.3053922
VT,15/05/2021,,0
VT,16/05/2021,,0
VT,17/05/2021,99.445938,125.0579547
VT,18/05/2021,99.268875,124.8352896
VT,19/05/2021,98.747498,124.1796335
VT,20/05/2021,99.878792,125.602289
VT,21/05/2021,99.741074,125.4291021
VT,22/05/2021,,0
VT,23/05/2021,,0
VT,24/05/2021,100.537895,126.4311421
VT,25/05/2021,100.557564,126.4558768
VT,26/05/2021,100.803497,126.7651491
VT,27/05/2021,100.951065,126.9507228
VT,28/05/2021,101.236351,127.3094834
VT,29/05/2021,,0
VT,30/05/2021,,0
VT,31/05/2021,,0
VT,01/06/2021,101.62001,127.7919527
VT,02/06/2021,101.767563,127.9775076
VT,03/06/2021,101.206833,127.2723632
VT,04/06/2021,102.170898,128.4847203
VT,05/06/2021,,0
VT,06/06/2021,,0
VT,07/06/2021,102.239754,128.57131
VT,08/06/2021,102.210251,128.5342086
VT,09/06/2021,101.944633,128.2001814
VT,10/06/2021,102.446342,128.8311042
VT,11/06/2021,102.633255,129.0661561
VT,12/06/2021,,0
VT,13/06/2021,,0
VT,14/06/2021,102.810326,129.2888312
VT,15/06/2021,102.603745,129.0290458
VT,16/06/2021,101.934799,128.1878147
VT,17/06/2021,101.669189,127.8537976
VT,18/06/2021,100.16407,125.9610395
VT,19/06/2021,,0
VT,20/06/2021,,0
VT,21/06/2021,101.543228,127.6953957
VT,22/06/2021,101.800278,128.0186482
VT,23/06/2021,101.651978,127.832154
VT,24/06/2021,102.393463,128.7646063
VT,25/06/2021,102.798805,129.274343
VT,26/06/2021,,0
VT,27/06/2021,,0
VT,28/06/2021,102.690056,129.137586
VT,29/06/2021,102.709824,129.1624452
VT,30/06/2021,102.433006,128.8143335
VT,01/07/2021,102.808685,129.2867676
VT,02/07/2021,103.24369,129.8338068
VT,03/07/2021,,0
VT,04/07/2021,,0
VT,05/07/2021,,0
VT,06/07/2021,102.719719,129.1748886
VT,07/07/2021,102.976761,129.498131
VT,08/07/2021,101.800278,128.0186482
VT,09/07/2021,103.303009,129.9084033
VT,10/07/2021,,0
VT,11/07/2021,,0
VT,12/07/2021,103.550163,130.2192111
VT,13/07/2021,103.065735,129.61002
VT,14/07/2021,103.144829,129.7094845
VT,15/07/2021,102.699936,129.1500106
VT,16/07/2021,101.909027,128.1554052
VT,17/07/2021,,0
VT,18/07/2021,,0
VT,19/07/2021,100.366745,126.2159129
VT,20/07/2021,101.572884,127.7326895
VT,21/07/2021,102.610962,129.0381216
VT,22/07/2021,102.719719,129.1748886
VT,23/07/2021,103.391991,130.0203023
VT,24/07/2021,,0
VT,25/07/2021,,0
VT,26/07/2021,103.273346,129.8711007
VT,27/07/2021,102.601074,129.0256869
VT,28/07/2021,103.144829,129.7094845
VT,29/07/2021,103.649025,130.3435347
VT,30/07/2021,103.065735,129.61002
VT,31/07/2021,,0
VT,01/08/2021,,0
VT,02/08/2021,103.144829,129.7094845
VT,03/08/2021,103.906082,130.666796
VT,04/08/2021,103.569946,130.2440891
VT,05/08/2021,104.084038,130.8905841
VT,06/08/2021,103.995064,130.7786951
VT,07/08/2021,,0
VT,08/08/2021,,0
VT,09/08/2021,103.945625,130.7165232
VT,10/08/2021,104.024712,130.8159788
VT,11/08/2021,104.439941,131.3381489
VT,12/08/2021,104.439941,131.3381489
VT,13/08/2021,104.677216,131.6365334
VT,14/08/2021,,0
VT,15/08/2021,,0
VT,16/08/2021,104.439941,131.3381489
VT,17/08/2021,103.461189,130.1073221
VT,18/08/2021,102.769142,129.2370404
VT,19/08/2021,102.235283,128.5656875
VT,20/08/2021,102.858116,129.3489294
VT,21/08/2021,,0
VT,22/08/2021,,0
VT,23/08/2021,103.93573,130.7040798
VT,24/08/2021,104.49926,131.4127453
VT,25/08/2021,104.687103,131.6489667
VT,26/08/2021,103.995064,130.7786951
VT,27/08/2021,105.102333,132.171138
VT,28/08/2021,,0
VT,29/08/2021,,0
VT,30/08/2021,105.349487,132.4819458
VT,31/08/2021,105.398926,132.5441177
VT,01/09/2021,105.91301,133.1906026
VT,02/09/2021,106.239265,133.6008836
VT,03/09/2021,106.427109,133.8371063
VT,04/09/2021,,0
VT,05/09/2021,,0
VT,06/09/2021,,0
VT,07/09/2021,106.140404,133.4765612
VT,08/09/2021,105.606537,132.8051983
VT,09/09/2021,105.32972,132.4570879
VT,10/09/2021,104.79586,131.7857338
VT,11/09/2021,,0
VT,12/09/2021,,0
VT,13/09/2021,105.171539,132.2581678
VT,14/09/2021,104.548691,131.4749071
VT,15/09/2021,105.181427,132.2706025
VT,16/09/2021,104.944153,131.9722192
VT,17/09/2021,103.906082,130.666796
VT,18/09/2021,,0
VT,19/09/2021,,0
VT,20/09/2021,102.032181,128.3102772
VT,21/09/2021,102.349792,128.709688
VT,22/09/2021,103.332397,129.9453601
VT,23/09/2021,104.49366,131.405703
VT,24/09/2021,104.116501,130.9314078
VT,25/09/2021,,0
VT,26/09/2021,,0
VT,27/09/2021,104.04702,130.8440322
VT,28/09/2021,101.883301,128.1230536
VT,29/09/2021,101.764198,127.9732759
VT,30/09/2021,101.069427,127.0995686
VT,01/10/2021,101.883301,128.1230536
VT,02/10/2021,,0
VT,03/10/2021,,0
VT,04/10/2021,100.692261,126.6252646
VT,05/10/2021,101.476364,127.6113111
VT,06/10/2021,101.476364,127.6113111
VT,07/10/2021,102.478821,128.871948
VT,08/10/2021,102.37957,128.7471352
VT,09/10/2021,,0
VT,10/10/2021,,0
VT,11/10/2021,101.843597,128.0731239
VT,12/10/2021,101.764198,127.9732759
VT,13/10/2021,102.488747,128.8844304
VT,14/10/2021,103.908066,130.669291
VT,15/10/2021,104.64254,131.5929267
VT,16/10/2021,,0
VT,17/10/2021,,0
VT,18/10/2021,104.741791,131.7177395
VT,19/10/2021,105.496117,132.66634
VT,20/10/2021,105.883202,133.1531176
VT,21/10/2021,105.833572,133.0907055
VT,22/10/2021,105.893127,133.1655988
VT,23/10/2021,,0
VT,24/10/2021,,0
VT,25/10/2021,106.240517,133.6024581
VT,26/10/2021,106.19088,133.5400372
VT,27/10/2021,105.56559,132.7537055
VT,28/10/2021,106.518417,133.9519304
VT,29/10/2021,106.270287,133.6398952
VT,30/10/2021,,0
VT,31/10/2021,,0
VT,01/11/2021,106.925362,134.4636829
VT,02/11/2021,106.945206,134.4886377
VT,03/11/2021,107.659836,135.3873186
VT,04/11/2021,107.838486,135.6119794
VT,05/11/2021,108.185875,136.0488374
VT,06/11/2021,,0
VT,07/11/2021,,0
VT,08/11/2021,108.414162,136.3359191
VT,09/11/2021,108.116394,135.9614618
VT,10/11/2021,107.074234,134.6508965
VT,11/11/2021,107.411697,135.0752721
VT,12/11/2021,108.12632,135.9739442
VT,13/11/2021,,0
VT,14/11/2021,,0
VT,15/11/2021,108.066765,135.899051
VT,16/11/2021,108.255348,136.136203
VT,17/11/2021,107.858337,135.636943
VT,18/11/2021,107.898041,135.6868726
VT,19/11/2021,107.411697,135.0752721
VT,20/11/2021,,0
VT,21/11/2021,,0
VT,22/11/2021,106.796326,134.3014141
VT,23/11/2021,106.776482,134.2764593
VT,24/11/2021,106.836029,134.3513425
VT,25/11/2021,,0
VT,26/11/2021,104.146271,130.968845
VT,27/11/2021,,0
VT,28/11/2021,,0
VT,29/11/2021,105.069328,132.1296327
VT,30/11/2021,103.491196,130.1450573
VT,01/12/2021,102.399414,128.77209
VT,02/12/2021,103.977547,130.7566666
VT,03/12/2021,103.014786,129.5459493
VT,04/12/2021,,0
VT,05/12/2021,,0
VT,06/12/2021,104.146271,130.968845
VT,07/12/2021,106.300064,133.6773412
VT,08/12/2021,106.697075,134.1766013
VT,09/12/2021,105.744247,132.9783751
VT,10/12/2021,106.280212,133.6523764
VT,11/12/2021,,0
VT,12/12/2021,,0
VT,13/12/2021,105.208282,132.3043739
VT,14/12/2021,104.553207,131.4805862
VT,15/12/2021,105.873276,133.1406352
VT,16/12/2021,105.277756,132.3917407
VT,17/12/2021,104.315002,131.1810322
VT,18/12/2021,,0
VT,19/12/2021,,0
VT,20/12/2021,103.360001,129.9800734
VT,21/12/2021,105.110001,132.1807809
VT,22/12/2021,106.080002,133.4006029
VT,23/12/2021,106.760002,134.2557349
VT,24/12/2021,,0
VT,25/12/2021,,0
VT,26/12/2021,,0
VT,27/12/2021,107.889999,135.6767594
VT,28/12/2021,107.769997,135.5258513
VT,29/12/2021,107.809998,135.5761544
VT,30/12/2021,107.720001,135.4629789
VT,31/12/2021,,0
VXUS,22/01/2020,53.20974,100
VXUS,23/01/2020,53.001522,99.60868443
VXUS,24/01/2020,52.698654,99.03948788
VXUS,25/01/2020,,0
VXUS,26/01/2020,,0
VXUS,27/01/2020,51.54398,96.86944533
VXUS,28/01/2020,51.932026,97.59872159
VXUS,29/01/2020,51.960423,97.65208964
VXUS,30/01/2020,51.77113,97.29634086
VXUS,31/01/2020,50.919319,95.69548545
VXUS,01/02/2020,,0
VXUS,02/02/2020,,0
VXUS,03/02/2020,51.013966,95.87336078
VXUS,04/02/2020,51.913094,97.56314164
VXUS,05/02/2020,52.386322,98.45250512
VXUS,06/02/2020,52.509365,98.68374662
VXUS,07/02/2020,51.988808,97.70543513
VXUS,08/02/2020,,0
VXUS,09/02/2020,,0
VXUS,10/02/2020,52.09293,97.90111735
VXUS,11/02/2020,52.471508,98.61259987
VXUS,12/02/2020,52.850086,99.3240824
VXUS,13/02/2020,52.443115,98.55923934
VXUS,14/02/2020,52.414719,98.50587317
VXUS,15/02/2020,,0
VXUS,16/02/2020,,0
VXUS,17/02/2020,,0
VXUS,18/02/2020,52.09293,97.90111735
VXUS,19/02/2020,52.339001,98.36357216
VXUS,20/02/2020,51.913094,97.56314164
VXUS,21/02/2020,51.638626,97.04731878
VXUS,22/02/2020,,0
VXUS,23/02/2020,,0
VXUS,24/02/2020,49.726784,93.45428863
VXUS,25/02/2020,49.045334,92.17360205
VXUS,26/02/2020,49.13998,92.3514755
VXUS,27/02/2020,47.739223,89.71895559
VXUS,28/02/2020,47.559402,89.38100806
VXUS,29/02/2020,,0
VXUS,01/03/2020,,0
VXUS,02/03/2020,48.079948,90.35929888
VXUS,03/03/2020,47.644581,89.54108966
VXUS,04/03/2020,48.874973,91.85343322
VXUS,05/03/2020,47.701374,89.64782388
VXUS,06/03/2020,46.991531,88.31377676
VXUS,07/03/2020,,0
VXUS,08/03/2020,,0
VXUS,09/03/2020,43.281425,81.34116987
VXUS,10/03/2020,44.956646,84.48950512
VXUS,11/03/2020,42.723011,80.29171163
VXUS,12/03/2020,38.132706,71.66489819
VXUS,13/03/2020,40.555626,76.21842542
VXUS,14/03/2020,,0
VXUS,15/03/2020,,0
VXUS,16/03/2020,36.041031,67.73389797
VXUS,17/03/2020,37.905552,71.23799515
VXUS,18/03/2020,35.3312,66.39987341
VXUS,19/03/2020,35.728706,67.14692836
VXUS,20/03/2020,35.605659,66.91567935
VXUS,21/03/2020,,0
VXUS,22/03/2020,,0
VXUS,23/03/2020,34.880535,65.55291381
VXUS,24/03/2020,37.803852,71.04686473
VXUS,25/03/2020,39.170597,73.61546401
VXUS,26/03/2020,40.708183,76.50513421
VXUS,27/03/2020,39.303478,73.86519461
VXUS,28/03/2020,,0
VXUS,29/03/2020,,0
VXUS,30/03/2020,40.034302,75.23867247
VXUS,31/03/2020,39.825497,74.84625371
VXUS,01/04/2020,38.306885,71.9922424
VXUS,02/04/2020,39.189579,73.65113793
VXUS,03/04/2020,38.373329,72.11711427
VXUS,04/04/2020,,0
VXUS,05/04/2020,,0
VXUS,06/04/2020,40.338028,75.8094815
VXUS,07/04/2020,40.613274,76.32676649
VXUS,08/04/2020,41.011909,77.07594324
VXUS,09/04/2020,41.666813,78.30674046
VXUS,10/04/2020,,0
VXUS,11/04/2020,,0
VXUS,12/04/2020,,0
VXUS,13/04/2020,41.514946,78.02132843
VXUS,14/04/2020,42.245777,79.39481944
VXUS,15/04/2020,41.059364,77.16512804
VXUS,16/04/2020,41.068855,77.182965
VXUS,17/04/2020,42.141369,79.19859973
VXUS,18/04/2020,,0
VXUS,19/04/2020,,0
VXUS,20/04/2020,41.533928,78.05700235
VXUS,21/04/2020,40.64175,76.38028301
VXUS,22/04/2020,41.467495,77.93215114
VXUS,23/04/2020,41.372574,77.75376087
VXUS,24/04/2020,41.714268,78.39592526
VXUS,25/04/2020,,0
VXUS,26/04/2020,,0
VXUS,27/04/2020,42.302723,79.5018412
VXUS,28/04/2020,42.606445,80.07264272
VXUS,29/04/2020,43.726421,82.1774754
VXUS,30/04/2020,42.853222,80.53642435
VXUS,01/05/2020,41.818672,78.59213745
VXUS,02/05/2020,,0
VXUS,03/05/2020,,0
VXUS,04/05/2020,41.885105,78.71698866
VXUS,05/05/2020,42.036964,79.00238565
VXUS,06/05/2020,41.866127,78.68132225
VXUS,07/05/2020,42.378658,79.64455004
VXUS,08/05/2020,43.081009,80.96451702
VXUS,09/05/2020,,0
VXUS,10/05/2020,,0
VXUS,11/05/2020,43.043045,80.89316918
VXUS,12/05/2020,42.606445,80.07264272
VXUS,13/05/2020,42.29324,79.48401928
VXUS,14/05/2020,42.1129,79.14509637
VXUS,15/05/2020,41.970535,78.87754197
VXUS,16/05/2020,,0
VXUS,17/05/2020,,0
VXUS,18/05/2020,43.603031,81.94558177
VXUS,19/05/2020,43.156948,81.10723337
VXUS,20/05/2020,43.887772,82.48071124
VXUS,21/05/2020,43.451172,81.66018477
VXUS,22/05/2020,43.137959,81.0715463
VXUS,23/05/2020,,0
VXUS,24/05/2020,,0
VXUS,25/05/2020,,0
VXUS,26/05/2020,44.333866,83.3190803
VXUS,27/05/2020,44.741989,84.08608837
VXUS,28/05/2020,44.941303,84.46067017
VXUS,29/05/2020,44.99826,84.5677126
VXUS,30/05/2020,,0
VXUS,31/05/2020,,0
VXUS,01/06/2020,45.966366,86.38712762
VXUS,02/06/2020,46.64975,87.67144887
VXUS,03/06/2020,47.655815,89.56220233
VXUS,04/06/2020,47.323624,88.93789746
VXUS,05/06/2020,48.244282,90.66814083
VXUS,06/06/2020,,0
VXUS,07/06/2020,,0
VXUS,08/06/2020,48.80426,91.72053838
VXUS,09/06/2020,48.272751,90.7216442
VXUS,10/06/2020,48.215805,90.61462244
VXUS,11/06/2020,45.615192,85.72714695
VXUS,12/06/2020,46.497883,87.38603684
VXUS,13/06/2020,,0
VXUS,14/06/2020,,0
VXUS,15/06/2020,46.545338,87.47522164
VXUS,16/06/2020,47.076847,88.47411583
VXUS,17/06/2020,47.200233,88.70600195
VXUS,18/06/2020,47.095829,88.50978975
VXUS,19/06/2020,46.90601,88.15305243
VXUS,20/06/2020,,0
VXUS,21/06/2020,,0
VXUS,22/06/2020,47.508934,89.28616077
VXUS,23/06/2020,47.795128,89.82402094
VXUS,24/06/2020,46.764816,87.88769876
VXUS,25/06/2020,47.241814,88.78414741
VXUS,26/06/2020,46.621716,87.61876303
VXUS,27/06/2020,,0
VXUS,28/06/2020,,0
VXUS,29/06/2020,46.993778,88.31799967
VXUS,30/06/2020,46.907913,88.15662884
VXUS,01/07/2020,47.146416,88.60486069
VXUS,02/07/2020,47.842831,89.91367182
VXUS,03/07/2020,,0
VXUS,04/07/2020,,0
VXUS,05/07/2020,,0
VXUS,06/07/2020,48.911304,91.92171208
VXUS,07/07/2020,48.233971,90.6487628
VXUS,08/07/2020,48.854065,91.81413967
VXUS,09/07/2020,48.424767,91.00733625
VXUS,10/07/2020,48.672806,91.47348963
VXUS,11/07/2020,,0
VXUS,12/07/2020,,0
VXUS,13/07/2020,48.357986,90.88183103
VXUS,14/07/2020,48.901764,91.90378303
VXUS,15/07/2020,49.331059,92.71058081
VXUS,16/07/2020,48.892231,91.88586714
VXUS,17/07/2020,49.168888,92.4058039
VXUS,18/07/2020,,0
VXUS,19/07/2020,,0
VXUS,20/07/2020,49.502777,93.03329992
VXUS,21/07/2020,49.779438,93.5532442
VXUS,22/07/2020,49.798519,93.58910418
VXUS,23/07/2020,49.416924,92.87195164
VXUS,24/07/2020,49.235661,92.53129408
VXUS,25/07/2020,,0
VXUS,26/07/2020,,0
VXUS,27/07/2020,49.941616,93.85803426
VXUS,28/07/2020,49.588638,93.19466323
VXUS,29/07/2020,50.218277,94.37797854
VXUS,30/07/2020,49.588638,93.19466323
VXUS,31/07/2020,48.854065,91.81413967
VXUS,01/08/2020,,0
VXUS,02/08/2020,,0
VXUS,03/08/2020,49.560028,93.14089488
VXUS,04/08/2020,49.941616,93.85803426
VXUS,05/08/2020,50.237354,94.413831
VXUS,06/08/2020,50.389992,94.70069202
VXUS,07/08/2020,49.941616,93.85803426
VXUS,08/08/2020,,0
VXUS,09/08/2020,,0
VXUS,10/08/2020,50.094254,94.14489528
VXUS,11/08/2020,50.20874,94.36005513
VXUS,12/08/2020,51.124573,96.08123062
VXUS,13/08/2020,50.905155,95.66886626
VXUS,14/08/2020,50.657112,95.20270537
VXUS,15/08/2020,,0
VXUS,16/08/2020,,0
VXUS,17/08/2020,51.134113,96.09915967
VXUS,18/08/2020,51.115036,96.06330721
VXUS,19/08/2020,50.800213,95.47164297
VXUS,20/08/2020,50.666653,95.2206363
VXUS,21/08/2020,50.552174,95.0054896
VXUS,22/08/2020,,0
VXUS,23/08/2020,,0
VXUS,24/08/2020,51.134113,96.09915967
VXUS,25/08/2020,51.324913,96.45774063
VXUS,26/08/2020,51.592037,96.9597615
VXUS,27/08/2020,51.14365,96.11708308
VXUS,28/08/2020,51.611107,96.99560081
VXUS,29/08/2020,,0
VXUS,30/08/2020,,0
VXUS,31/08/2020,51.01963,95.88400545
VXUS,01/09/2020,51.324913,96.45774063
VXUS,02/09/2020,51.754208,97.26453841
VXUS,03/09/2020,50.628498,95.1489295
VXUS,04/09/2020,50.733437,95.34614715
VXUS,05/09/2020,,0
VXUS,06/09/2020,,0
VXUS,07/09/2020,,0
VXUS,08/09/2020,50.008396,93.9835376
VXUS,09/09/2020,50.85746,95.57923042
VXUS,10/09/2020,50.227821,94.39591511
VXUS,11/09/2020,50.695274,95.27442532
VXUS,12/09/2020,,0
VXUS,13/09/2020,,0
VXUS,14/09/2020,51.134113,96.09915967
VXUS,15/09/2020,51.487087,96.76252318
VXUS,16/09/2020,51.410767,96.61909079
VXUS,17/09/2020,51.391689,96.58323645
VXUS,18/09/2020,51.010094,95.86608392
VXUS,19/09/2020,,0
VXUS,20/09/2020,,0
VXUS,21/09/2020,50.039444,94.04188782
VXUS,22/09/2020,49.943443,93.86146784
VXUS,23/09/2020,49.338589,92.72473235
VXUS,24/09/2020,49.252182,92.56234291
VXUS,25/09/2020,49.434605,92.90518052
VXUS,26/09/2020,,0
VXUS,27/09/2020,,0
VXUS,28/09/2020,50.106659,94.16820868
VXUS,29/09/2020,50.039444,94.04188782
VXUS,30/09/2020,50.087452,94.1321119
VXUS,01/10/2020,50.490688,94.88993556
VXUS,02/10/2020,50.269871,94.47494199
VXUS,03/10/2020,,0
VXUS,04/10/2020,,0
VXUS,05/10/2020,51.009132,95.86427598
VXUS,06/10/2020,50.644299,95.17862519
VXUS,07/10/2020,51.153141,96.13492004
VXUS,08/10/2020,51.508377,96.80253465
VXUS,09/10/2020,51.863602,97.47012859
VXUS,10/10/2020,,0
VXUS,11/10/2020,,0
VXUS,12/10/2020,52.170837,98.04753228
VXUS,13/10/2020,51.719593,97.19948453
VXUS,14/10/2020,51.546776,96.87470001
VXUS,15/10/2020,51.009132,95.86427598
VXUS,16/10/2020,51.220352,96.26123338
VXUS,17/10/2020,,0
VXUS,18/10/2020,,0
VXUS,19/10/2020,50.989929,95.82818672
VXUS,20/10/2020,51.373966,96.54992864
VXUS,21/10/2020,51.229954,96.27927894
VXUS,22/10/2020,51.239552,96.29731699
VXUS,23/10/2020,51.527573,96.83861075
VXUS,24/10/2020,,0
VXUS,25/10/2020,,0
VXUS,26/10/2020,50.663506,95.21472197
VXUS,27/10/2020,50.481091,94.87189939
VXUS,28/10/2020,49.04097,92.16540055
VXUS,29/10/2020,49.338589,92.72473235
VXUS,30/10/2020,48.93536,91.96692185
VXUS,31/10/2020,,0
VXUS,01/11/2020,,0
VXUS,02/11/2020,49.617016,93.24799557
VXUS,03/11/2020,50.577099,95.05233252
VXUS,04/11/2020,51.364365,96.53188495
VXUS,05/11/2020,52.478054,98.62490213
VXUS,06/11/2020,52.641277,98.93165612
VXUS,07/11/2020,,0
VXUS,08/11/2020,,0
VXUS,09/11/2020,53.745365,101.0066296
VXUS,10/11/2020,53.918182,101.3314141
VXUS,11/11/2020,54.29261,102.0350973
VXUS,12/11/2020,53.562954,100.6638146
VXUS,13/11/2020,54.311817,102.0711941
VXUS,14/11/2020,,0
VXUS,15/11/2020,,0
VXUS,16/11/2020,54.993469,103.3522603
VXUS,17/11/2020,54.993469,103.3522603
VXUS,18/11/2020,54.734249,102.8650939
VXUS,19/11/2020,55.051075,103.4605225
VXUS,20/11/2020,55.223892,103.785307
VXUS,21/11/2020,,0
VXUS,22/11/2020,,0
VXUS,23/11/2020,55.300694,103.9296452
VXUS,24/11/2020,56.116764,105.4633306
VXUS,25/11/2020,55.924751,105.10247
VXUS,26/11/2020,,0
VXUS,27/11/2020,56.337589,105.8783392
VXUS,28/11/2020,,0
VXUS,29/11/2020,,0
VXUS,30/11/2020,55.108685,103.5687921
VXUS,01/12/2020,56.356789,105.9144228
VXUS,02/12/2020,56.395187,105.9865863
VXUS,03/12/2020,56.654411,106.4737603
VXUS,04/12/2020,57.172852,107.448095
VXUS,05/12/2020,,0
VXUS,06/12/2020,,0
VXUS,07/12/2020,56.884834,106.9068069
VXUS,08/12/2020,57.028847,107.1774585
VXUS,09/12/2020,56.961639,107.0511508
VXUS,10/12/2020,57.211258,107.5202735
VXUS,11/12/2020,56.932838,106.9970235
VXUS,12/12/2020,,0
VXUS,13/12/2020,,0
VXUS,14/12/2020,56.942436,107.0150615
VXUS,15/12/2020,57.556892,108.1698426
VXUS,16/12/2020,57.700901,108.4404866
VXUS,17/12/2020,58.104137,109.1983103
VXUS,18/12/2020,57.873714,108.7652637
VXUS,19/12/2020,,0
VXUS,20/12/2020,,0
VXUS,21/12/2020,57.156235,107.4168658
VXUS,22/12/2020,56.991409,107.1070992
VXUS,23/12/2020,57.524673,108.1092916
VXUS,24/12/2020,57.553757,108.1639508
VXUS,25/12/2020,,0
VXUS,26/12/2020,,0
VXUS,27/12/2020,,0
VXUS,28/12/2020,57.902805,108.819936
VXUS,29/12/2020,58.387589,109.7310173
VXUS,30/12/2020,58.707546,110.3323301
VXUS,31/12/2020,58.329418,109.6216933
VXUS,01/01/2021,,0
VXUS,02/01/2021,,0
VXUS,03/01/2021,,0
VXUS,04/01/2021,58.678463,110.2776728
VXUS,05/01/2021,59.531685,111.88118
VXUS,06/01/2021,59.851643,112.4824947
VXUS,07/01/2021,60.103733,112.9562614
VXUS,08/01/2021,60.86969,114.3957666
VXUS,09/01/2021,,0
VXUS,10/01/2021,,0
VXUS,11/01/2021,60.064953,112.88338
VXUS,12/01/2021,60.37521,113.4664631
VXUS,13/01/2021,60.365513,113.448239
VXUS,14/01/2021,60.898781,114.450439
VXUS,15/01/2021,59.967991,112.701154
VXUS,16/01/2021,,0
VXUS,17/01/2021,,0
VXUS,18/01/2021,,0
VXUS,19/01/2021,60.569126,113.8309001
VXUS,20/01/2021,61.228436,115.0699778
VXUS,21/01/2021,61.305996,115.2157406
VXUS,22/01/2021,60.889084,114.4322149
VXUS,23/01/2021,,0
VXUS,24/01/2021,,0
VXUS,25/01/2021,60.976341,114.5962017
VXUS,26/01/2021,60.860001,114.3775576
VXUS,27/01/2021,59.44442,111.7171781
VXUS,28/01/2021,59.86134,112.5007189
VXUS,29/01/2021,58.47485,109.8950117
VXUS,30/01/2021,,0
VXUS,31/01/2021,,0
VXUS,01/02/2021,59.531685,111.88118
VXUS,02/02/2021,60.249168,113.2295854
VXUS,03/02/2021,60.472168,113.6486816
VXUS,04/02/2021,60.530342,113.7580112
VXUS,05/02/2021,60.947258,114.5415445
VXUS,06/02/2021,,0
VXUS,07/02/2021,,0
VXUS,08/02/2021,61.325394,115.2521963
VXUS,09/02/2021,61.74231,116.0357295
VXUS,10/02/2021,61.664742,115.8899517
VXUS,11/02/2021,62.130138,116.7645961
VXUS,12/02/2021,62.430702,117.3294626
VXUS,13/02/2021,,0
VXUS,14/02/2021,,0
VXUS,15/02/2021,,0
VXUS,16/02/2021,62.711884,117.8579035
VXUS,17/02/2021,62.440399,117.3476867
VXUS,18/02/2021,61.916832,116.3637184
VXUS,19/02/2021,62.265877,117.0196979
VXUS,20/02/2021,,0
VXUS,21/02/2021,,0
VXUS,22/02/2021,61.606571,115.7806278
VXUS,23/02/2021,61.761696,116.0721627
VXUS,24/02/2021,61.781094,116.1086185
VXUS,25/02/2021,60.666084,114.0131187
VXUS,26/02/2021,59.822556,112.4278299
VXUS,27/02/2021,,0
VXUS,28/02/2021,,0
VXUS,01/03/2021,61.131474,114.8877518
VXUS,02/03/2021,60.889084,114.4322149
VXUS,03/03/2021,60.598213,113.8855649
VXUS,04/03/2021,59.822556,112.4278299
VXUS,05/03/2021,60.268562,113.2660336
VXUS,06/03/2021,,0
VXUS,07/03/2021,,0
VXUS,08/03/2021,59.638336,112.0816151
VXUS,09/03/2021,60.559429,113.812676
VXUS,10/03/2021,60.724258,114.1224483
VXUS,11/03/2021,61.577477,115.7259498
VXUS,12/03/2021,61.383564,115.3615184
VXUS,13/03/2021,,0
VXUS,14/03/2021,,0
VXUS,15/03/2021,61.509609,115.5984017
VXUS,16/03/2021,61.655045,115.8717276
VXUS,17/03/2021,61.907135,116.3454943
VXUS,18/03/2021,61.179955,114.9788648
VXUS,19/03/2021,61.490215,115.5619535
VXUS,20/03/2021,,0
VXUS,21/03/2021,,0
VXUS,22/03/2021,61.485355,115.5528198
VXUS,23/03/2021,60.552288,113.7992555
VXUS,24/03/2021,59.901089,112.5754213
VXUS,25/03/2021,60.289864,113.3060676
VXUS,26/03/2021,61.28125,115.1692341
VXUS,27/03/2021,,0
VXUS,28/03/2021,,0
VXUS,29/03/2021,60.941071,114.5299169
VXUS,30/03/2021,60.96051,114.5664497
VXUS,31/03/2021,60.941071,114.5299169
VXUS,01/04/2021,61.767223,116.0825499
VXUS,02/04/2021,,0
VXUS,03/04/2021,,0
VXUS,04/04/2021,,0
VXUS,05/04/2021,62.44759,117.3612012
VXUS,06/04/2021,62.087963,116.6853343
VXUS,07/04/2021,61.942177,116.4113506
VXUS,08/04/2021,62.330952,117.1419969
VXUS,09/04/2021,62.321236,117.1237371
VXUS,10/04/2021,,0
VXUS,11/04/2021,,0
VXUS,12/04/2021,61.951893,116.4296104
VXUS,13/04/2021,62.311516,117.1054698
VXUS,14/04/2021,62.476746,117.4159956
VXUS,15/04/2021,62.9044,118.2197094
VXUS,16/04/2021,63.322338,119.0051633
VXUS,17/04/2021,,0
VXUS,18/04/2021,,0
VXUS,19/04/2021,63.127941,118.6398223
VXUS,20/04/2021,62.253201,116.9958752
VXUS,21/04/2021,62.846088,118.1101204
VXUS,22/04/2021,62.58366,117.616925
VXUS,23/04/2021,63.293186,118.9503764
VXUS,24/04/2021,,0
VXUS,25/04/2021,,0
VXUS,26/04/2021,63.370937,119.0964981
VXUS,27/04/2021,63.273743,118.9138361
VXUS,28/04/2021,63.536167,119.407024
VXUS,29/04/2021,63.526451,119.3887642
VXUS,30/04/2021,62.632259,117.7082598
VXUS,01/05/2021,,0
VXUS,02/05/2021,,0
VXUS,03/05/2021,63.166824,118.7128973
VXUS,04/05/2021,62.350395,117.1785372
VXUS,05/05/2021,62.991879,118.3841135
VXUS,06/05/2021,63.477848,119.2974219
VXUS,07/05/2021,64.226257,120.7039482
VXUS,08/05/2021,,0
VXUS,09/05/2021,,0
VXUS,10/05/2021,63.701397,119.7175498
VXUS,11/05/2021,63.011318,118.4206463
VXUS,12/05/2021,61.776943,116.1008173
VXUS,13/05/2021,62.107407,116.7218765
VXUS,14/05/2021,63.147392,118.6763777
VXUS,15/05/2021,,0
VXUS,16/05/2021,,0
VXUS,17/05/2021,63.050198,118.4937156
VXUS,18/05/2021,63.429256,119.2061002
VXUS,19/05/2021,62.982162,118.3658518
VXUS,20/05/2021,63.662521,119.644488
VXUS,21/05/2021,63.487576,119.3157042
VXUS,22/05/2021,,0
VXUS,23/05/2021,,0
VXUS,24/05/2021,63.944386,120.1742125
VXUS,25/05/2021,64.119339,120.5030113
VXUS,26/05/2021,64.265129,120.7770025
VXUS,27/05/2021,64.410919,121.0509937
VXUS,28/05/2021,64.556709,121.3249849
VXUS,29/05/2021,,0
VXUS,30/05/2021,,0
VXUS,31/05/2021,,0
VXUS,01/06/2021,65.169037,122.4757667
VXUS,02/06/2021,65.314827,122.7497578
VXUS,03/06/2021,64.819138,121.8181822
VXUS,04/06/2021,65.441177,122.9872144
VXUS,05/06/2021,,0
VXUS,06/06/2021,,0
VXUS,07/06/2021,65.489784,123.0785642
VXUS,08/06/2021,65.382866,122.8776273
VXUS,09/06/2021,65.159317,122.4574993
VXUS,10/06/2021,65.450897,123.0054817
VXUS,11/06/2021,65.528648,123.1516034
VXUS,12/06/2021,,0
VXUS,13/06/2021,,0
VXUS,14/06/2021,65.606415,123.2977553
VXUS,15/06/2021,65.548096,123.1881531
VXUS,16/06/2021,64.984367,122.1287061
VXUS,17/06/2021,64.683067,121.5624564
VXUS,18/06/2021,63.652802,119.6262226
VXUS,19/06/2021,,0
VXUS,20/06/2021,,0
VXUS,21/06/2021,64.392441,121.0162669
VXUS,22/06/2021,64.382645,120.9978568
VXUS,23/06/2021,64.186707,120.6296197
VXUS,24/06/2021,64.764709,121.7158907
VXUS,25/06/2021,65.058601,122.2682182
VXUS,26/06/2021,,0
VXUS,27/06/2021,,0
VXUS,28/06/2021,64.79409,121.7711081
VXUS,29/06/2021,64.774506,121.7343028
VXUS,30/06/2021,64.34346,120.9242143
VXUS,01/07/2021,64.402237,121.0346771
VXUS,02/07/2021,64.490402,121.2003705
VXUS,03/07/2021,,0
VXUS,04/07/2021,,0
VXUS,05/07/2021,,0
VXUS,06/07/2021,63.961391,120.2061709
VXUS,07/07/2021,64.167122,120.5928125
VXUS,08/07/2021,63.187469,118.7516966
VXUS,09/07/2021,64.274879,120.7953262
VXUS,10/07/2021,,0
VXUS,11/07/2021,,0
VXUS,12/07/2021,64.412033,121.0530873
VXUS,13/07/2021,64.225899,120.7032754
VXUS,14/07/2021,64.333656,120.9057891
VXUS,15/07/2021,64.000587,120.2798341
VXUS,16/07/2021,63.510757,119.3592696
VXUS,17/07/2021,,0
VXUS,18/07/2021,,0
VXUS,19/07/2021,62.43314,117.3340445
VXUS,20/07/2021,62.795609,118.0152525
VXUS,21/07/2021,63.598919,119.5249573
VXUS,22/07/2021,63.677296,119.6722555
VXUS,23/07/2021,63.745872,119.8011342
VXUS,24/07/2021,,0
VXUS,25/07/2021,,0
VXUS,26/07/2021,63.481365,119.3040316
VXUS,27/07/2021,62.922966,118.2546015
VXUS,28/07/2021,63.598919,119.5249573
VXUS,29/07/2021,63.990784,120.2614108
VXUS,30/07/2021,63.618519,119.5617926
VXUS,31/07/2021,,0
VXUS,01/08/2021,,0
VXUS,02/08/2021,63.883015,120.0588746
VXUS,03/08/2021,64.304276,120.8505736
VXUS,04/08/2021,64.245491,120.7400957
VXUS,05/08/2021,64.431618,121.0898944
VXUS,06/08/2021,64.12793,120.5191568
VXUS,07/08/2021,,0
VXUS,08/08/2021,,0
VXUS,09/08/2021,64.137726,120.537567
VXUS,10/08/2021,64.25528,120.7584927
VXUS,11/08/2021,64.647148,121.4949519
VXUS,12/08/2021,64.431618,121.0898944
VXUS,13/08/2021,64.647148,121.4949519
VXUS,14/08/2021,,0
VXUS,15/08/2021,,0
VXUS,16/08/2021,64.216103,120.6848652
VXUS,17/08/2021,63.432381,119.2119732
VXUS,18/08/2021,63.305031,118.9726373
VXUS,19/08/2021,62.560493,117.573386
VXUS,20/08/2021,62.727032,117.8863719
VXUS,21/08/2021,,0
VXUS,22/08/2021,,0
VXUS,23/08/2021,63.402988,119.1567333
VXUS,24/08/2021,63.980984,120.2429931
VXUS,25/08/2021,64.039772,120.3534766
VXUS,26/08/2021,63.608719,119.543375
VXUS,27/08/2021,64.304276,120.8505736
VXUS,28/08/2021,,0
VXUS,29/08/2021,,0
VXUS,30/08/2021,64.323868,120.8873939
VXUS,31/08/2021,64.549179,121.3108333
VXUS,01/09/2021,65.117378,122.378681
VXUS,02/09/2021,65.293716,122.7100828
VXUS,03/09/2021,65.636597,123.354478
VXUS,04/09/2021,,0
VXUS,05/09/2021,,0
VXUS,06/09/2021,,0
VXUS,07/09/2021,65.617004,123.3176558
VXUS,08/09/2021,64.950844,122.0657045
VXUS,09/09/2021,64.892059,121.9552266
VXUS,10/09/2021,64.774506,121.7343028
VXUS,11/09/2021,,0
VXUS,12/09/2021,,0
VXUS,13/09/2021,65.195755,122.5259793
VXUS,14/09/2021,64.862671,121.8999961
VXUS,15/09/2021,65.019417,122.1945775
VXUS,16/09/2021,64.705933,121.6054298
VXUS,17/09/2021,64.010368,120.2982161
VXUS,18/09/2021,,0
VXUS,19/09/2021,,0
VXUS,20/09/2021,62.667774,117.7750051
VXUS,21/09/2021,63.229248,118.8302142
VXUS,22/09/2021,63.731606,119.7743233
VXUS,23/09/2021,64.37188,120.9776255
VXUS,24/09/2021,63.761166,119.829877
VXUS,25/09/2021,,0
VXUS,26/09/2021,,0
VXUS,27/09/2021,63.859665,120.0149916
VXUS,28/09/2021,62.628376,117.7009623
VXUS,29/09/2021,62.362415,117.2011271
VXUS,30/09/2021,62.31316,117.1085594
VXUS,01/10/2021,62.490467,117.4417823
VXUS,02/10/2021,,0
VXUS,03/10/2021,,0
VXUS,04/10/2021,61.840347,116.2199759
VXUS,05/10/2021,62.214661,116.9234448
VXUS,06/10/2021,61.850201,116.2384951
VXUS,07/10/2021,62.559422,117.5713732
VXUS,08/10/2021,62.638226,117.7194739
VXUS,09/10/2021,,0
VXUS,10/10/2021,,0
VXUS,11/10/2021,62.451069,117.3677394
VXUS,12/10/2021,62.411667,117.2936891
VXUS,13/10/2021,63.120892,118.6265748
VXUS,14/10/2021,63.652809,119.6262357
VXUS,15/10/2021,64.20443,120.6629275
VXUS,16/10/2021,,0
VXUS,17/10/2021,,0
VXUS,18/10/2021,64.007423,120.2926814
VXUS,19/10/2021,64.519638,121.2553153
VXUS,20/10/2021,64.687088,121.5700133
VXUS,21/10/2021,64.302925,120.8480346
VXUS,22/10/2021,64.499939,121.2182939
VXUS,23/10/2021,,0
VXUS,24/10/2021,,0
VXUS,25/10/2021,64.568893,121.3478829
VXUS,26/10/2021,64.519638,121.2553153
VXUS,27/10/2021,64.174873,120.6073794
VXUS,28/10/2021,64.64769,121.4959705
VXUS,29/10/2021,64.105927,120.4778054
VXUS,30/10/2021,,0
VXUS,31/10/2021,,0
VXUS,01/11/2021,64.726494,121.6440712
VXUS,02/11/2021,64.401428,121.0331567
VXUS,03/11/2021,64.824997,121.8291933
VXUS,04/11/2021,64.756042,121.6996024
VXUS,05/11/2021,64.893944,121.9587692
VXUS,06/11/2021,,0
VXUS,07/11/2021,,0
VXUS,08/11/2021,65.1008,122.3475251
VXUS,09/11/2021,64.903801,121.977294
VXUS,10/11/2021,64.253677,120.7554801
VXUS,11/11/2021,64.677246,121.5515167
VXUS,12/11/2021,65.051552,122.2549706
VXUS,13/11/2021,,0
VXUS,14/11/2021,,0
VXUS,15/11/2021,64.913651,121.9958057
VXUS,16/11/2021,64.775749,121.7366388
VXUS,17/11/2021,64.627991,121.4589491
VXUS,18/11/2021,64.450684,121.1257262
VXUS,19/11/2021,64.036972,120.3482144
VXUS,20/11/2021,,0
VXUS,21/11/2021,,0
VXUS,22/11/2021,63.633106,119.5892068
VXUS,23/11/2021,63.593704,119.5151564
VXUS,24/11/2021,63.337601,119.0338479
VXUS,25/11/2021,,0
VXUS,26/11/2021,61.525135,115.6275806
VXUS,27/11/2021,,0
VXUS,28/11/2021,,0
VXUS,29/11/2021,61.791096,116.1274158
VXUS,30/11/2021,61.377384,115.349904
VXUS,01/12/2021,61.081871,114.7945301
VXUS,02/12/2021,61.889603,116.3125454
VXUS,03/12/2021,61.446335,115.4794874
VXUS,04/12/2021,,0
VXUS,05/12/2021,,0
VXUS,06/12/2021,62.047207,116.6087393
VXUS,07/12/2021,63.23909,118.8487108
VXUS,08/12/2021,63.386848,119.1264005
VXUS,09/12/2021,62.914032,118.2378113
VXUS,10/12/2021,63.012539,118.422941
VXUS,11/12/2021,,0
VXUS,12/12/2021,,0
VXUS,13/12/2021,62.244209,116.978976
VXUS,14/12/2021,61.997952,116.5161717
VXUS,15/12/2021,62.51017,117.4788112
VXUS,16/12/2021,62.588974,117.6269119
VXUS,17/12/2021,61.929001,116.3865882
VXUS,18/12/2021,,0
VXUS,19/12/2021,,0
VXUS,20/12/2021,61.509998,115.5991328
VXUS,21/12/2021,62.330002,117.1402115
VXUS,22/12/2021,62.889999,118.1926448
VXUS,23/12/2021,63.240002,118.8504248
VXUS,24/12/2021,,0
VXUS,25/12/2021,,0
VXUS,26/12/2021,,0
VXUS,27/12/2021,63.700001,119.7149263
VXUS,28/12/2021,63.630001,119.5833714
VXUS,29/12/2021,63.57,119.4706082
VXUS,30/12/2021,63.66,119.6397502
VXUS,31/12/2021,,0
VTI,22/01/2020,163.396072,100
VTI,23/01/2020,163.580292,100.1127444
VTI,24/01/2020,162.028778,99.16320265
VTI,25/01/2020,,0
VTI,26/01/2020,,0
VTI,27/01/2020,159.594818,97.67359524
VTI,28/01/2020,161.136642,98.61720666
VTI,29/01/2020,161.029953,98.55191195
VTI,30/01/2020,161.417877,98.78932524
VTI,31/01/2020,158.56691,97.04450545
VTI,01/02/2020,,0
VTI,02/02/2020,,0
VTI,03/02/2020,159.963272,97.8990927
VTI,04/02/2020,162.484543,99.4421353
VTI,05/02/2020,164.084549,100.4213547
VTI,06/02/2020,164.540298,100.7002775
VTI,07/02/2020,163.599701,100.1246229
VTI,08/02/2020,,0
VTI,09/02/2020,,0
VTI,10/02/2020,164.802139,100.8605268
VTI,11/02/2020,165.257904,101.1394595
VTI,12/02/2020,166.295502,101.7744796
VTI,13/02/2020,166.227615,101.7329321
VTI,14/02/2020,166.49913,101.899102
VTI,15/02/2020,,0
VTI,16/02/2020,,0
VTI,17/02/2020,,0
VTI,18/02/2020,166.111252,101.6617168
VTI,19/02/2020,166.954895,102.1780346
VTI,20/02/2020,166.450638,101.8694244
VTI,21/02/2020,164.743958,100.8249195
VTI,22/02/2020,,0
VTI,23/02/2020,,0
VTI,24/02/2020,159.323288,97.50741621
VTI,25/02/2020,154.455338,94.52818303
VTI,26/02/2020,153.60199,94.00592567
VTI,27/02/2020,146.872238,89.88725139
VTI,28/02/2020,145.883102,89.28189045
VTI,29/02/2020,,0
VTI,01/03/2020,,0
VTI,02/03/2020,151.924393,92.97921984
VTI,03/03/2020,148.00679,90.58160835
VTI,04/03/2020,153.921997,94.2017731
VTI,05/03/2020,148.792236,91.06230901
VTI,06/03/2020,146.028549,89.37090544
VTI,07/03/2020,,0
VTI,08/03/2020,,0
VTI,09/03/2020,134.304764,82.19583394
VTI,10/03/2020,140.966675,86.27298886
VTI,11/03/2020,133.829605,81.90503196
VTI,12/03/2020,120.816116,73.94064895
VTI,13/03/2020,131.812607,80.67060939
VTI,14/03/2020,,0
VTI,15/03/2020,,0
VTI,16/03/2020,116.811211,71.48960778
VTI,17/03/2020,122.668259,75.07417865
VTI,18/03/2020,115.599083,70.74777355
VTI,19/03/2020,116.452408,71.27001682
VTI,20/03/2020,111.700844,68.36201301
VTI,21/03/2020,,0
VTI,22/03/2020,,0
VTI,23/03/2020,108.520195,66.4154246
VTI,24/03/2020,118.818504,72.7180908
VTI,25/03/2020,120.457321,73.72106289
VTI,26/03/2020,127.770149,78.19658541
VTI,27/03/2020,123.696655,75.7035671
VTI,28/03/2020,,0
VTI,29/03/2020,,0
VTI,30/03/2020,127.44857,77.99977591
VTI,31/03/2020,125.626213,76.88447553
VTI,01/04/2020,119.827782,73.33577884
VTI,02/04/2020,122.322556,74.86260502
VTI,03/04/2020,120.237076,73.58627079
VTI,04/04/2020,,0
VTI,05/04/2020,,0
VTI,06/04/2020,128.647232,78.73336882
VTI,07/04/2020,128.793427,78.82284159
VTI,08/04/2020,133.315216,81.59022085
VTI,09/04/2020,135.809998,83.11705192
VTI,10/04/2020,,0
VTI,11/04/2020,,0
VTI,12/04/2020,,0
VTI,13/04/2020,134.192307,82.12700915
VTI,14/04/2020,138.265823,84.62004093
VTI,15/04/2020,135.02063,82.63395096
VTI,16/04/2020,135.654099,83.0216402
VTI,17/04/2020,139.493713,85.37152166
VTI,18/04/2020,,0
VTI,19/04/2020,,0
VTI,20/04/2020,137.232834,83.98784152
VTI,21/04/2020,132.974121,81.38146736
VTI,22/04/2020,135.975677,83.21844909
VTI,23/04/2020,135.995193,83.23039308
VTI,24/04/2020,138.022171,84.47092351
VTI,25/04/2020,,0
VTI,26/04/2020,,0
VTI,27/04/2020,140.468246,85.96794542
VTI,28/04/2020,140.029709,85.69955647
VTI,29/04/2020,143.996017,88.1269759
VTI,30/04/2020,142.124939,86.9818578
VTI,01/05/2020,138.197586,84.57827921
VTI,02/05/2020,,0
VTI,03/05/2020,,0
VTI,04/05/2020,138.723846,84.9003555
VTI,05/05/2020,140.010223,85.68763085
VTI,06/05/2020,139.240372,85.21647448
VTI,07/05/2020,141.062714,86.33176567
VTI,08/05/2020,143.713425,87.95402683
VTI,09/05/2020,,0
VTI,10/05/2020,,0
VTI,11/05/2020,143.732895,87.96594266
VTI,12/05/2020,140.672897,86.09319384
VTI,13/05/2020,137.846786,84.36358617
VTI,14/05/2020,139.328064,85.27014285
VTI,15/05/2020,140.166153,85.78306154
VTI,16/05/2020,,0
VTI,17/05/2020,,0
VTI,18/05/2020,144.814651,88.62798795
VTI,19/05/2020,143.274872,87.68562809
VTI,20/05/2020,145.925583,89.30788924
VTI,21/05/2020,145.048523,88.77111991
VTI,22/05/2020,145.457809,89.02160696
VTI,23/05/2020,,0
VTI,24/05/2020,,0
VTI,25/05/2020,,0
VTI,26/05/2020,147.484848,90.26217472
VTI,27/05/2020,149.81395,91.68760801
VTI,28/05/2020,149.297455,91.371508
VTI,29/05/2020,149.794464,91.67568239
VTI,30/05/2020,,0
VTI,31/05/2020,,0
VTI,01/06/2020,150.807983,92.29596596
VTI,02/06/2020,151.948166,92.99376915
VTI,03/06/2020,154.316284,94.44308061
VTI,04/06/2020,153.82901,94.14486414
VTI,05/06/2020,157.775833,96.56035856
VTI,06/06/2020,,0
VTI,07/06/2020,,0
VTI,08/06/2020,159.919815,97.87249659
VTI,09/06/2020,158.458008,96.97785636
VTI,10/06/2020,157.278824,96.25618418
VTI,11/06/2020,148.001328,90.57826555
VTI,12/06/2020,150.047821,91.83073936
VTI,13/06/2020,,0
VTI,14/06/2020,,0
VTI,15/06/2020,151.655807,92.81484257
VTI,16/06/2020,154.569626,94.59812841
VTI,17/06/2020,153.81926,94.13889705
VTI,18/06/2020,153.945953,94.21643441
VTI,19/06/2020,153.078644,93.68563279
VTI,20/06/2020,,0
VTI,21/06/2020,,0
VTI,22/06/2020,154.140869,94.33572491
VTI,23/06/2020,154.745056,94.70549329
VTI,24/06/2020,150.544846,92.13492354
VTI,25/06/2020,152.365723,93.24931814
VTI,26/06/2020,148.821899,91.08046306
VTI,27/06/2020,,0
VTI,28/06/2020,,0
VTI,29/06/2020,151.004959,92.41651721
VTI,30/06/2020,153.237,93.78254821
VTI,01/07/2020,154.127853,94.32775899
VTI,02/07/2020,154.744598,94.70521299
VTI,03/07/2020,,0
VTI,04/07/2020,,0
VTI,05/07/2020,,0
VTI,06/07/2020,157.18222,96.19706158
VTI,07/07/2020,155.586502,95.2204665
VTI,08/07/2020,156.859146,95.99933712
VTI,09/07/2020,155.889999,95.40620964
VTI,10/07/2020,157.564011,96.43072142
VTI,11/07/2020,,0
VTI,12/07/2020,,0
VTI,13/07/2020,155.860626,95.38823308
VTI,14/07/2020,157.906647,96.64041801
VTI,15/07/2020,159.864578,97.83869101
VTI,16/07/2020,159.149933,97.40132125
VTI,17/07/2020,159.756897,97.77278918
VTI,18/07/2020,,0
VTI,19/07/2020,,0
VTI,20/07/2020,160.980606,98.5217111
VTI,21/07/2020,161.440689,98.80328641
VTI,22/07/2020,162.282593,99.31853992
VTI,23/07/2020,160.510696,98.23412156
VTI,24/07/2020,159.267395,97.47320915
VTI,25/07/2020,,0
VTI,26/07/2020,,0
VTI,27/07/2020,160.637955,98.31200532
VTI,28/07/2020,159.463196,97.59304128
VTI,29/07/2020,161.577759,98.88717459
VTI,30/07/2020,161.21553,98.66548689
VTI,31/07/2020,162.037872,99.16876827
VTI,01/08/2020,,0
VTI,02/08/2020,,0
VTI,03/08/2020,163.447601,100.0315363
VTI,04/08/2020,164.093689,100.4269485
VTI,05/08/2020,165.288025,101.1578938
VTI,06/08/2020,166.090759,101.6491749
VTI,07/08/2020,166.227829,101.7330631
VTI,08/08/2020,,0
VTI,09/08/2020,,0
VTI,10/08/2020,166.687927,102.0146476
VTI,11/08/2020,165.346756,101.1938378
VTI,12/08/2020,167.559204,102.5478777
VTI,13/08/2020,167.431961,102.4700037
VTI,14/08/2020,167.382996,102.4400366
VTI,15/08/2020,,0
VTI,16/08/2020,,0
VTI,17/08/2020,168.097656,102.8774156
VTI,18/08/2020,168.352188,103.0331916
VTI,19/08/2020,167.696274,102.6317658
VTI,20/08/2020,168.17598,102.9253506
VTI,21/08/2020,168.596924,103.1829725
VTI,22/08/2020,,0
VTI,23/08/2020,,0
VTI,24/08/2020,170.212189,104.1715305
VTI,25/08/2020,170.780014,104.519045
VTI,26/08/2020,172.326782,105.4656822
VTI,27/08/2020,172.737946,105.7173186
VTI,28/08/2020,173.942062,106.4542494
VTI,29/08/2020,,0
VTI,30/08/2020,,0
VTI,31/08/2020,173.550461,106.2145857
VTI,01/09/2020,175.087433,107.1552277
VTI,02/09/2020,177.427155,108.5871605
VTI,03/09/2020,171.259705,104.8126206
VTI,04/09/2020,169.801025,103.9198941
VTI,05/09/2020,,0
VTI,06/09/2020,,0
VTI,07/09/2020,,0
VTI,08/09/2020,165.033524,101.0021367
VTI,09/09/2020,168.264084,102.9792711
VTI,10/09/2020,165.503387,101.2896975
VTI,11/09/2020,165.562134,101.3256512
VTI,12/09/2020,,0
VTI,13/09/2020,,0
VTI,14/09/2020,168.146591,102.9073643
VTI,15/09/2020,169.105972,103.4945148
VTI,16/09/2020,168.547974,103.1530146
VTI,17/09/2020,167.157822,102.3022279
VTI,18/09/2020,165.532776,101.3076838
VTI,19/09/2020,,0
VTI,20/09/2020,,0
VTI,21/09/2020,163.535675,100.0854384
VTI,22/09/2020,165.160782,101.0800198
VTI,23/09/2020,161.176392,98.64153405
VTI,24/09/2020,161.519028,98.85123065
VTI,25/09/2020,164.118027,100.4418435
VTI,26/09/2020,,0
VTI,27/09/2020,,0
VTI,28/09/2020,167.096451,102.2646683
VTI,29/09/2020,166.162598,101.6931411
VTI,30/09/2020,167.410995,102.4571723
VTI,01/10/2020,168.806824,103.3114333
VTI,02/10/2020,167.489624,102.505294
VTI,03/10/2020,,0
VTI,04/10/2020,,0
VTI,05/10/2020,170.50737,104.3521842
VTI,06/10/2020,168.403809,103.0647842
VTI,07/10/2020,171.342926,104.8635527
VTI,08/10/2020,172.846863,105.7839769
VTI,09/10/2020,174.301682,106.6743404
VTI,10/10/2020,,0
VTI,11/10/2020,,0
VTI,12/10/2020,176.886917,108.2565296
VTI,13/10/2020,175.953064,107.6850024
VTI,14/10/2020,174.783325,106.9691106
VTI,15/10/2020,174.8423,107.0052039
VTI,16/10/2020,174.52774,106.8126901
VTI,17/10/2020,,0
VTI,18/10/2020,,0
VTI,19/10/2020,172.031006,105.2846644
VTI,20/10/2020,172.6306,105.6516218
VTI,21/10/2020,172.040833,105.2906786
VTI,22/10/2020,173.259705,106.0366402
VTI,23/10/2020,173.829819,106.3855556
VTI,24/10/2020,,0
VTI,25/10/2020,,0
VTI,26/10/2020,170.674484,104.4544596
VTI,27/10/2020,169.986374,104.0333295
VTI,28/10/2020,164.353912,100.5862075
VTI,29/10/2020,165.907013,101.5367205
VTI,30/10/2020,164.147491,100.4598758
VTI,31/10/2020,,0
VTI,01/11/2020,,0
VTI,02/11/2020,165.857895,101.5066598
VTI,03/11/2020,169.042755,103.4558254
VTI,04/11/2020,172.728928,105.7117995
VTI,05/11/2020,176.297119,107.8955674
VTI,06/11/2020,176.208649,107.8414229
VTI,07/11/2020,,0
VTI,08/11/2020,,0
VTI,09/11/2020,178.302383,109.1228087
VTI,10/11/2020,178.007492,108.9423325
VTI,11/11/2020,179.452469,109.8266726
VTI,12/11/2020,177.683105,108.7438044
VTI,13/11/2020,180.199539,110.2838868
VTI,14/11/2020,,0
VTI,15/11/2020,,0
VTI,16/11/2020,182.401413,111.6314553
VTI,17/11/2020,181.988556,111.3787827
VTI,18/11/2020,180.06192,110.1996626
VTI,19/11/2020,181.064575,110.8132973
VTI,20/11/2020,180.111069,110.2297422
VTI,21/11/2020,,0
VTI,22/11/2020,,0
VTI,23/11/2020,181.585526,111.1321244
VTI,24/11/2020,184.396851,112.8526829
VTI,25/11/2020,184.328064,112.8105846
VTI,26/11/2020,,0
VTI,27/11/2020,184.976791,113.2076119
VTI,28/11/2020,,0
VTI,29/11/2020,,0
VTI,30/11/2020,183.521988,112.3172582
VTI,01/12/2020,185.851654,113.7430366
VTI,02/12/2020,186.008926,113.8392886
VTI,03/12/2020,186.382477,114.0679055
VTI,04/12/2020,188.250122,115.2109226
VTI,05/12/2020,,0
VTI,06/12/2020,,0
VTI,07/12/2020,188.043701,115.0845909
VTI,08/12/2020,188.859573,115.5839126
VTI,09/12/2020,187.001755,114.4469097
VTI,10/12/2020,187.276993,114.6153581
VTI,11/12/2020,186.942764,114.4108066
VTI,12/12/2020,,0
VTI,13/12/2020,,0
VTI,14/12/2020,186.411957,114.0859475
VTI,15/12/2020,188.967697,115.6500855
VTI,16/12/2020,189.233109,115.8125203
VTI,17/12/2020,190.717407,116.7209252
VTI,18/12/2020,190.176788,116.3900611
VTI,19/12/2020,,0
VTI,20/12/2020,,0
VTI,21/12/2020,189.626297,116.0531552
VTI,22/12/2020,189.665619,116.0772206
VTI,23/12/2020,189.990005,116.275748
VTI,24/12/2020,190.307816,116.4702515
VTI,25/12/2020,,0
VTI,26/12/2020,,0
VTI,27/12/2020,,0
VTI,28/12/2020,191.511902,117.207164
VTI,29/12/2020,190.712448,116.7178903
VTI,30/12/2020,191.225693,117.0320012
VTI,31/12/2020,192.104111,117.5696017
VTI,01/01/2021,,0
VTI,02/01/2021,,0
VTI,03/01/2021,,0
VTI,04/01/2021,189.370193,115.896417
VTI,05/01/2021,190.899979,116.8326611
VTI,06/01/2021,192.617325,117.8836937
VTI,07/01/2021,195.706543,119.7743254
VTI,08/01/2021,196.654037,120.354201
VTI,09/01/2021,,0
VTI,10/01/2021,,0
VTI,11/01/2021,195.479538,119.6353961
VTI,12/01/2021,196.17041,120.0582166
VTI,13/01/2021,196.387558,120.1911133
VTI,14/01/2021,196.200027,120.0763425
VTI,15/01/2021,194.492554,119.0313522
VTI,16/01/2021,,0
VTI,17/01/2021,,0
VTI,18/01/2021,,0
VTI,19/01/2021,196.269119,120.1186275
VTI,20/01/2021,198.746399,121.6347471
VTI,21/01/2021,198.598358,121.5441446
VTI,22/01/2021,198.272659,121.3448136
VTI,23/01/2021,,0
VTI,24/01/2021,,0
VTI,25/01/2021,198.835236,121.6891162
VTI,26/01/2021,198.114746,121.2481693
VTI,27/01/2021,193.357544,118.336715
VTI,28/01/2021,194.877472,119.2669258
VTI,29/01/2021,191.462585,117.1769815
VTI,30/01/2021,,0
VTI,31/01/2021,,0
VTI,01/02/2021,194.729431,119.1763233
VTI,02/02/2021,197.522552,120.8857408
VTI,03/02/2021,197.818665,121.0669648
VTI,04/02/2021,200.325562,122.6012104
VTI,05/02/2021,201.450699,123.2898053
VTI,06/02/2021,,0
VTI,07/02/2021,,0
VTI,08/02/2021,203.256882,124.395207
VTI,09/02/2021,203.335831,124.4435246
VTI,10/02/2021,203.246994,124.3891555
VTI,11/02/2021,203.730606,124.6851307
VTI,12/02/2021,204.786697,125.3314688
VTI,13/02/2021,,0
VTI,14/02/2021,,0
VTI,15/02/2021,,0
VTI,16/02/2021,204.421509,125.1079702
VTI,17/02/2021,203.997116,124.8482375
VTI,18/02/2021,202.822601,124.1294228
VTI,19/02/2021,203.286484,124.4133237
VTI,20/02/2021,,0
VTI,21/02/2021,,0
VTI,22/02/2021,201.35202,123.2294128
VTI,23/02/2021,201.322388,123.2112777
VTI,24/02/2021,203.582581,124.594538
VTI,25/02/2021,198.262802,121.338781
VTI,26/02/2021,197.473221,120.8555497
VTI,27/02/2021,,0
VTI,28/02/2021,,0
VTI,01/03/2021,202.546249,123.9602926
VTI,02/03/2021,200.641403,122.7945082
VTI,03/03/2021,197.749573,121.0246798
VTI,04/03/2021,194.62088,119.109889
VTI,05/03/2021,198.134491,121.2602534
VTI,06/03/2021,,0
VTI,07/03/2021,,0
VTI,08/03/2021,197.167252,120.6682937
VTI,09/03/2021,200.226883,122.5408179
VTI,10/03/2021,201.657974,123.4166596
VTI,11/03/2021,204.293213,125.0294517
VTI,12/03/2021,204.697845,125.2770905
VTI,13/03/2021,,0
VTI,14/03/2021,,0
VTI,15/03/2021,206.128967,126.1529512
VTI,16/03/2021,205.299896,125.6455516
VTI,17/03/2021,206.079605,126.1227412
VTI,18/03/2021,202.329102,123.8273965
VTI,19/03/2021,202.585724,123.9844517
VTI,20/03/2021,,0
VTI,21/03/2021,,0
VTI,22/03/2021,203.681259,124.6549299
VTI,23/03/2021,201.361893,123.2354551
VTI,24/03/2021,199.693909,122.2146326
VTI,25/03/2021,201.171356,123.1188446
VTI,26/03/2021,204.459045,125.1309426
VTI,27/03/2021,,0
VTI,28/03/2021,,0
VTI,29/03/2021,203.498474,124.5430637
VTI,30/03/2021,203.439072,124.5067091
VTI,31/03/2021,204.67691,125.2642781
VTI,01/04/2021,207.241653,126.833926
VTI,02/04/2021,,0
VTI,03/04/2021,,0
VTI,04/04/2021,,0
VTI,05/04/2021,209.657898,128.3126916
VTI,06/04/2021,209.737122,128.3611775
VTI,07/04/2021,209.558853,128.2520751
VTI,08/04/2021,210.776901,128.9975324
VTI,09/04/2021,212.054337,129.7793358
VTI,10/04/2021,,0
VTI,11/04/2021,,0
VTI,12/04/2021,212.113754,129.8156996
VTI,13/04/2021,212.707901,130.1793234
VTI,14/04/2021,212.23259,129.8884284
VTI,15/04/2021,214.490372,131.2702132
VTI,16/04/2021,215.035004,131.6035333
VTI,17/04/2021,,0
VTI,18/04/2021,,0
VTI,19/04/2021,213.62883,130.742941
VTI,20/04/2021,211.668121,129.5429678
VTI,21/04/2021,214.193298,131.088401
VTI,22/04/2021,212.519745,130.0641701
VTI,23/04/2021,215.094437,131.6399069
VTI,24/04/2021,,0
VTI,25/04/2021,,0
VTI,26/04/2021,215.87674,132.118684
VTI,27/04/2021,215.77771,132.0580766
VTI,28/04/2021,215.748001,132.0398944
VTI,29/04/2021,216.569931,132.5429237
VTI,30/04/2021,214.985519,131.573248
VTI,01/05/2021,,0
VTI,02/05/2021,,0
VTI,03/05/2021,215.361786,131.8035271
VTI,04/05/2021,213.747681,130.815679
VTI,05/05/2021,213.708054,130.7914269
VTI,06/05/2021,214.797363,131.4580947
VTI,07/05/2021,216.619431,132.5732182
VTI,08/05/2021,,0
VTI,09/05/2021,,0
VTI,10/05/2021,214.074448,131.0156636
VTI,11/05/2021,212.35141,129.9611474
VTI,12/05/2021,207.568451,127.0339296
VTI,13/05/2021,209.855942,128.4338965
VTI,14/05/2021,213.440674,130.6277877
VTI,15/05/2021,,0
VTI,16/05/2021,,0
VTI,17/05/2021,212.985184,130.3490233
VTI,18/05/2021,211.321533,129.3308526
VTI,19/05/2021,210.707581,128.9551079
VTI,20/05/2021,212.995087,130.3550841
VTI,21/05/2021,212.876251,130.2823553
VTI,22/05/2021,,0
VTI,23/05/2021,,0
VTI,24/05/2021,215.025101,131.5974726
VTI,25/05/2021,214.430954,131.2338488
VTI,26/05/2021,215.203354,131.7065651
VTI,27/05/2021,215.599457,131.9489841
VTI,28/05/2021,215.965851,132.1732208
VTI,29/05/2021,,0
VTI,30/05/2021,,0
VTI,31/05/2021,,0
VTI,01/06/2021,216.054993,132.2277766
VTI,02/06/2021,216.342163,132.4035274
VTI,03/06/2021,215.381607,131.8156577
VTI,04/06/2021,217.253189,132.9610843
VTI,05/06/2021,,0
VTI,06/06/2021,,0
VTI,07/06/2021,217.431442,133.0701769
VTI,08/06/2021,217.87706,133.3428995
VTI,09/06/2021,217.263092,132.967145
VTI,10/06/2021,218.223633,133.5550055
VTI,11/06/2021,218.867325,133.9489514
VTI,12/06/2021,,0
VTI,13/06/2021,,0
VTI,14/06/2021,219.20401,134.1550059
VTI,15/06/2021,218.629654,133.8034944
VTI,16/06/2021,217.540359,133.1368351
VTI,17/06/2021,217.332413,133.0095701
VTI,18/06/2021,214.638916,131.3611235
VTI,19/06/2021,,0
VTI,20/06/2021,,0
VTI,21/06/2021,217.599792,133.1732087
VTI,22/06/2021,218.837616,133.9307692
VTI,23/06/2021,218.748474,133.8762134
VTI,24/06/2021,220.233475,134.7850486
VTI,25/06/2021,221.057907,135.289609
VTI,26/06/2021,,0
VTI,27/06/2021,,0
VTI,28/06/2021,221.306229,135.4415845
VTI,29/06/2021,221.316147,135.4476545
VTI,30/06/2021,221.326096,135.4537433
VTI,01/07/2021,222.527985,136.1893112
VTI,02/07/2021,223.759674,136.943117
VTI,03/07/2021,,0
VTI,04/07/2021,,0
VTI,05/07/2021,,0
VTI,06/07/2021,223.272949,136.6452365
VTI,07/07/2021,223.570938,136.8276087
VTI,08/07/2021,221.68367,135.6725821
VTI,09/07/2021,224.365585,137.3139404
VTI,10/07/2021,,0
VTI,11/07/2021,,0
VTI,12/07/2021,224.991348,137.6969135
VTI,13/07/2021,223.739807,136.9309582
VTI,14/07/2021,223.431885,136.7425069
VTI,15/07/2021,222.647171,136.2622542
VTI,16/07/2021,220.898972,135.1923393
VTI,17/07/2021,,0
VTI,18/07/2021,,0
VTI,19/07/2021,217.760162,133.2713567
VTI,20/07/2021,221.524765,135.5753307
VTI,21/07/2021,223.511353,136.7911421
VTI,22/07/2021,223.700073,136.9066406
VTI,23/07/2021,225.934982,138.2744268
VTI,24/07/2021,,0
VTI,25/07/2021,,0
VTI,26/07/2021,226.391907,138.5540694
VTI,27/07/2021,225.170151,137.8063427
VTI,28/07/2021,225.517792,138.0191024
VTI,29/07/2021,226.511093,138.6270124
VTI,30/07/2021,225.170151,137.8063427
VTI,31/07/2021,,0
VTI,01/08/2021,,0
VTI,02/08/2021,224.85228,137.6118026
VTI,03/08/2021,226.461441,138.5966249
VTI,04/08/2021,225.448257,137.9765463
VTI,05/08/2021,227.057404,138.9613601
VTI,06/08/2021,227.335526,139.1315735
VTI,07/08/2021,,0
VTI,08/08/2021,,0
VTI,09/08/2021,227.246124,139.0768586
VTI,10/08/2021,227.395111,139.1680401
VTI,11/08/2021,227.842117,139.4416122
VTI,12/08/2021,228.477814,139.830665
VTI,13/08/2021,228.606949,139.9096968
VTI,14/08/2021,,0
VTI,15/08/2021,,0
VTI,16/08/2021,228.69635,139.9644111
VTI,17/08/2021,226.997818,138.9248929
VTI,18/08/2021,224.733093,137.538859
VTI,19/08/2021,224.56424,137.4355193
VTI,20/08/2021,226.580627,138.6695679
VTI,21/08/2021,,0
VTI,22/08/2021,,0
VTI,23/08/2021,228.775818,140.0130463
VTI,24/08/2021,229.590317,140.5115277
VTI,25/08/2021,230.24588,140.9127387
VTI,26/08/2021,228.706284,139.9704908
VTI,27/08/2021,231.169647,141.4780932
VTI,28/08/2021,,0
VTI,29/08/2021,,0
VTI,30/08/2021,232.043747,142.013051
VTI,31/08/2021,231.606705,141.745577
VTI,01/09/2021,232.013947,141.9948131
VTI,02/09/2021,232.798645,142.4750559
VTI,03/09/2021,232.719193,142.4264305
VTI,04/09/2021,,0
VTI,05/09/2021,,0
VTI,06/09/2021,,0
VTI,07/09/2021,231.715958,141.8124409
VTI,08/09/2021,231.169647,141.4780932
VTI,09/09/2021,230.365082,140.9856915
VTI,10/09/2021,228.537415,139.8671414
VTI,11/09/2021,,0
VTI,12/09/2021,,0
VTI,13/09/2021,229.05394,140.1832597
VTI,14/09/2021,227.673248,139.3382627
VTI,15/09/2021,229.550583,140.4872101
VTI,16/09/2021,229.34198,140.359543
VTI,17/09/2021,227.504395,139.234923
VTI,18/09/2021,,0
VTI,19/09/2021,,0
VTI,20/09/2021,223.561005,136.8215296
VTI,21/09/2021,223.541138,136.8093708
VTI,22/09/2021,225.795929,138.189325
VTI,23/09/2021,228.547348,139.8732205
VTI,24/09/2021,228.820374,140.040315
VTI,25/09/2021,,0
VTI,26/09/2021,,0
VTI,27/09/2021,228.322159,139.7354026
VTI,28/09/2021,223.539291,136.8082404
VTI,29/09/2021,223.688766,136.8997206
VTI,30/09/2021,221.267426,135.4178367
VTI,01/10/2021,224.316498,137.2838987
VTI,02/10/2021,,0
VTI,03/10/2021,,0
VTI,04/10/2021,220.938599,135.2165914
VTI,05/10/2021,223.001221,136.4789363
VTI,06/10/2021,223.927887,137.046065
VTI,07/10/2021,226.080185,138.3632925
VTI,08/10/2021,225.58197,138.05838
VTI,09/10/2021,,0
VTI,10/10/2021,,0
VTI,11/10/2021,223.957779,137.0643592
VTI,12/10/2021,223.79837,136.9667993
VTI,13/10/2021,224.814713,137.5888112
VTI,14/10/2021,228.551331,139.8756581
VTI,15/10/2021,229.906479,140.705022
VTI,16/10/2021,,0
VTI,17/10/2021,,0
VTI,18/10/2021,230.743484,141.2172772
VTI,19/10/2021,232.427444,142.2478773
VTI,20/10/2021,233.334198,142.8028196
VTI,21/10/2021,233.971924,143.1931142
VTI,22/10/2021,233.523529,142.9186921
VTI,23/10/2021,,0
VTI,24/10/2021,,0
VTI,25/10/2021,234.958389,143.7968405
VTI,26/10/2021,234.868713,143.7419579
VTI,27/10/2021,233.264465,142.7601424
VTI,28/10/2021,235.755539,144.2847041
VTI,29/10/2021,236.064423,144.4737441
VTI,30/10/2021,,0
VTI,31/10/2021,,0
VTI,01/11/2021,237.240204,145.1933337
VTI,02/11/2021,237.97757,145.6446089
VTI,03/11/2021,239.661545,146.6752181
VTI,04/11/2021,240.568283,147.2301507
VTI,05/11/2021,241.49498,147.7972983
VTI,06/11/2021,,0
VTI,07/11/2021,,0
VTI,08/11/2021,241.893539,148.0412204
VTI,09/11/2021,241.196045,147.6143472
VTI,10/11/2021,238.824524,146.162953
VTI,11/11/2021,239.11351,146.3398153
VTI,12/11/2021,240.887146,147.425298
VTI,13/11/2021,,0
VTI,14/11/2021,,0
VTI,15/11/2021,240.887146,147.425298
VTI,16/11/2021,241.923431,148.0595146
VTI,17/11/2021,240.927002,147.4496902
VTI,18/11/2021,241.305649,147.6814259
VTI,19/11/2021,240.618103,147.260641
VTI,20/11/2021,,0
VTI,21/11/2021,,0
VTI,22/11/2021,239.462265,146.5532568
VTI,23/11/2021,239.541962,146.6020321
VTI,24/11/2021,240.349091,147.096003
VTI,25/11/2021,,0
VTI,26/11/2021,235.14772,143.9127129
VTI,27/11/2021,,0
VTI,28/11/2021,,0
VTI,29/11/2021,237.359787,145.2665196
VTI,30/11/2021,232.616776,142.3637503
VTI,01/12/2021,229.338516,140.357423
VTI,02/12/2021,233.065155,142.6381627
VTI,03/12/2021,230.364838,140.9855422
VTI,04/12/2021,,0
VTI,05/12/2021,,0
VTI,06/12/2021,233.324249,142.7967308
VTI,07/12/2021,238.31636,145.8519517
VTI,08/12/2021,239.342682,146.4800708
VTI,09/12/2021,237.060852,145.0835685
VTI,10/12/2021,238.675079,146.0714912
VTI,11/12/2021,,0
VTI,12/12/2021,,0
VTI,13/12/2021,236.502853,144.7420676
VTI,14/12/2021,234.729218,143.6565856
VTI,15/12/2021,238.346252,145.8702459
VTI,16/12/2021,235.675827,144.2359196
VTI,17/12/2021,234.59967,143.5773009
VTI,18/12/2021,,0
VTI,19/12/2021,,0
VTI,20/12/2021,231.301483,141.5587781
VTI,21/12/2021,235.835236,144.3334794
VTI,22/12/2021,238.166901,145.7604813
VTI,23/12/2021,239.811005,146.7666891
VTI,24/12/2021,,0
VTI,25/12/2021,,0
VTI,26/12/2021,,0
VTI,27/12/2021,242.960007,148.6939092
VTI,28/12/2021,242.460007,148.3879043
VTI,29/12/2021,242.600006,148.4735851
VTI,30/12/2021,242.210007,148.2349019
VTI,31/12/2021,288195906,176378723.5