type,date,value
newcases_per,22/01/2020,
newcases_per,23/01/2020,
newcases_per,24/01/2020,
newcases_per,25/01/2020,
newcases_per,26/01/2020,
newcases_per,27/01/2020,
newcases_per,28/01/2020,0.091
newcases_per,29/01/2020,0.102
newcases_per,30/01/2020,0.138
newcases_per,31/01/2020,0.163
newcases_per,01/02/2020,0.192
newcases_per,02/02/2020,0.266
newcases_per,03/02/2020,0.308
newcases_per,04/02/2020,0.332
newcases_per,05/02/2020,0.39
newcases_per,06/02/2020,0.409
newcases_per,07/02/2020,0.444
newcases_per,08/02/2020,0.455
newcases_per,09/02/2020,0.424
newcases_per,10/02/2020,0.415
newcases_per,11/02/2020,0.379
newcases_per,12/02/2020,0.319
newcases_per,13/02/2020,0.537
newcases_per,14/02/2020,0.59
newcases_per,15/02/2020,0.579
newcases_per,16/02/2020,0.564
newcases_per,17/02/2020,0.553
newcases_per,18/02/2020,0.55
newcases_per,19/02/2020,0.552
newcases_per,20/02/2020,0.287
newcases_per,21/02/2020,0.18
newcases_per,22/02/2020,0.173
newcases_per,23/02/2020,0.141
newcases_per,24/02/2020,0.114
newcases_per,25/02/2020,0.095
newcases_per,26/02/2020,0.104
newcases_per,27/02/2020,0.118
newcases_per,28/02/2020,0.132
newcases_per,29/02/2020,0.135
newcases_per,01/03/2020,0.171
newcases_per,02/03/2020,0.196
newcases_per,03/03/2020,0.228
newcases_per,04/03/2020,0.252
newcases_per,05/03/2020,0.279
newcases_per,06/03/2020,0.325
newcases_per,07/03/2020,0.364
newcases_per,08/03/2020,0.393
newcases_per,09/03/2020,0.433
newcases_per,10/03/2020,0.473
newcases_per,11/03/2020,0.57
newcases_per,12/03/2020,0.624
newcases_per,13/03/2020,0.814
newcases_per,14/03/2020,0.941
newcases_per,15/03/2020,1.074
newcases_per,16/03/2020,1.266
newcases_per,17/03/2020,1.469
newcases_per,18/03/2020,1.685
newcases_per,19/03/2020,2.071
newcases_per,20/03/2020,2.371
newcases_per,21/03/2020,2.752
newcases_per,22/03/2020,3.185
newcases_per,23/03/2020,3.691
newcases_per,24/03/2020,4.146
newcases_per,25/03/2020,4.718
newcases_per,26/03/2020,5.367
newcases_per,27/03/2020,5.984
newcases_per,28/03/2020,6.665
newcases_per,29/03/2020,7.06
newcases_per,30/03/2020,7.47
newcases_per,31/03/2020,8.118
newcases_per,01/04/2020,8.696
newcases_per,02/04/2020,9.059
newcases_per,03/04/2020,9.411
newcases_per,04/04/2020,9.217
newcases_per,05/04/2020,9.459
newcases_per,06/04/2020,9.615
newcases_per,07/04/2020,9.48
newcases_per,08/04/2020,9.488
newcases_per,09/04/2020,9.569
newcases_per,10/04/2020,9.588
newcases_per,11/04/2020,9.87
newcases_per,12/04/2020,10.764
newcases_per,13/04/2020,10.712
newcases_per,14/04/2020,10.974
newcases_per,15/04/2020,10.88
newcases_per,16/04/2020,11.026
newcases_per,17/04/2020,11.076
newcases_per,18/04/2020,11.127
newcases_per,19/04/2020,10.352
newcases_per,20/04/2020,10.433
newcases_per,21/04/2020,10.29
newcases_per,22/04/2020,10.356
newcases_per,23/04/2020,10.141
newcases_per,24/04/2020,10.064
newcases_per,25/04/2020,10.167
newcases_per,26/04/2020,10.07
newcases_per,27/04/2020,9.975
newcases_per,28/04/2020,9.972
newcases_per,29/04/2020,9.884
newcases_per,30/04/2020,9.881
newcases_per,01/05/2020,9.966
newcases_per,02/05/2020,9.906
newcases_per,03/05/2020,9.969
newcases_per,04/05/2020,10.095
newcases_per,05/05/2020,10.173
newcases_per,06/05/2020,10.417
newcases_per,07/05/2020,10.517
newcases_per,08/05/2020,10.553
newcases_per,09/05/2020,10.634
newcases_per,10/05/2020,10.649
newcases_per,11/05/2020,10.634
newcases_per,12/05/2020,10.712
newcases_per,13/05/2020,10.614
newcases_per,14/05/2020,10.74
newcases_per,15/05/2020,10.841
newcases_per,16/05/2020,11.025
newcases_per,17/05/2020,11.075
newcases_per,18/05/2020,11.299
newcases_per,19/05/2020,11.523
newcases_per,20/05/2020,11.89
newcases_per,21/05/2020,12.079
newcases_per,22/05/2020,12.282
newcases_per,23/05/2020,12.475
newcases_per,24/05/2020,12.748
newcases_per,25/05/2020,12.73
newcases_per,26/05/2020,12.658
newcases_per,27/05/2020,12.621
newcases_per,28/05/2020,12.877
newcases_per,29/05/2020,13.126
newcases_per,30/05/2020,13.688
newcases_per,31/05/2020,13.871
newcases_per,01/06/2020,14.08
newcases_per,02/06/2020,14.654
newcases_per,03/06/2020,14.808
newcases_per,04/06/2020,15.016
newcases_per,05/06/2020,15.22
newcases_per,06/06/2020,15.124
newcases_per,07/06/2020,15.275
newcases_per,08/06/2020,15.341
newcases_per,09/06/2020,15.336
newcases_per,10/06/2020,15.782
newcases_per,11/06/2020,15.849
newcases_per,12/06/2020,15.761
newcases_per,13/06/2020,15.832
newcases_per,14/06/2020,16.205
newcases_per,15/06/2020,16.557
newcases_per,16/06/2020,16.912
newcases_per,17/06/2020,17.044
newcases_per,18/06/2020,17.187
newcases_per,19/06/2020,18.166
newcases_per,20/06/2020,19.109
newcases_per,21/06/2020,18.399
newcases_per,22/06/2020,18.779
newcases_per,23/06/2020,19.204
newcases_per,24/06/2020,19.707
newcases_per,25/06/2020,20.378
newcases_per,26/06/2020,20.528
newcases_per,27/06/2020,20.355
newcases_per,28/06/2020,21.7
newcases_per,29/06/2020,21.841
newcases_per,30/06/2020,22.114
newcases_per,01/07/2020,22.951
newcases_per,02/07/2020,23.416
newcases_per,03/07/2020,23.667
newcases_per,04/07/2020,23.951
newcases_per,05/07/2020,24.23
newcases_per,06/07/2020,24.534
newcases_per,07/07/2020,25.06
newcases_per,08/07/2020,25.007
newcases_per,09/07/2020,25.356
newcases_per,10/07/2020,25.87
newcases_per,11/07/2020,26.253
newcases_per,12/07/2020,26.443
newcases_per,13/07/2020,26.893
newcases_per,14/07/2020,27.088
newcases_per,15/07/2020,27.391
newcases_per,16/07/2020,27.842
newcases_per,17/07/2020,28.047
newcases_per,18/07/2020,28.424
newcases_per,19/07/2020,28.804
newcases_per,20/07/2020,29.081
newcases_per,21/07/2020,29.419
newcases_per,22/07/2020,30.271
newcases_per,23/07/2020,30.814
newcases_per,24/07/2020,31.534
newcases_per,25/07/2020,31.86
newcases_per,26/07/2020,31.827
newcases_per,27/07/2020,32.239
newcases_per,28/07/2020,32.65
newcases_per,29/07/2020,32.586
newcases_per,30/07/2020,32.594
newcases_per,31/07/2020,32.753
newcases_per,01/08/2020,32.662
newcases_per,02/08/2020,32.974
newcases_per,03/08/2020,32.596
newcases_per,04/08/2020,32.516
newcases_per,05/08/2020,32.56
newcases_per,06/08/2020,32.621
newcases_per,07/08/2020,32.467
newcases_per,08/08/2020,32.622
newcases_per,09/08/2020,32.569
newcases_per,10/08/2020,32.901
newcases_per,11/08/2020,32.934
newcases_per,12/08/2020,32.864
newcases_per,13/08/2020,32.976
newcases_per,14/08/2020,33.321
newcases_per,15/08/2020,33.135
newcases_per,16/08/2020,32.927
newcases_per,17/08/2020,32.63
newcases_per,18/08/2020,32.576
newcases_per,19/08/2020,32.622
newcases_per,20/08/2020,32.274
newcases_per,21/08/2020,31.566
newcases_per,22/08/2020,31.85
newcases_per,23/08/2020,31.664
newcases_per,24/08/2020,31.997
newcases_per,25/08/2020,31.746
newcases_per,26/08/2020,31.883
newcases_per,27/08/2020,32.101
newcases_per,28/08/2020,32.48
newcases_per,29/08/2020,32.476
newcases_per,30/08/2020,32.747
newcases_per,31/08/2020,33.37
newcases_per,01/09/2020,33.804
newcases_per,02/09/2020,33.792
newcases_per,03/09/2020,33.824
newcases_per,04/09/2020,34.181
newcases_per,05/09/2020,34.396
newcases_per,06/09/2020,34.588
newcases_per,07/09/2020,33.737
newcases_per,08/09/2020,33.325
newcases_per,09/09/2020,33.397
newcases_per,10/09/2020,33.676
newcases_per,11/09/2020,33.963
newcases_per,12/09/2020,34.171
newcases_per,13/09/2020,34.383
newcases_per,14/09/2020,35.3
newcases_per,15/09/2020,35.994
newcases_per,16/09/2020,36.327
newcases_per,17/09/2020,36.598
newcases_per,18/09/2020,36.714
newcases_per,19/09/2020,36.8
newcases_per,20/09/2020,36.973
newcases_per,21/09/2020,37.17
newcases_per,22/09/2020,37.228
newcases_per,23/09/2020,37.296
newcases_per,24/09/2020,37.375
newcases_per,25/09/2020,37.479
newcases_per,26/09/2020,37.406
newcases_per,27/09/2020,37.401
newcases_per,28/09/2020,37.021
newcases_per,29/09/2020,36.97
newcases_per,30/09/2020,37.275
newcases_per,01/10/2020,37.257
newcases_per,02/10/2020,37.245
newcases_per,03/10/2020,37.467
newcases_per,04/10/2020,37.632
newcases_per,05/10/2020,38.642
newcases_per,06/10/2020,39.224
newcases_per,07/10/2020,39.679
newcases_per,08/10/2020,40.448
newcases_per,09/10/2020,41.002
newcases_per,10/10/2020,42.04
newcases_per,11/10/2020,42.536
newcases_per,12/10/2020,42.141
newcases_per,13/10/2020,42.244
newcases_per,14/10/2020,42.82
newcases_per,15/10/2020,43.701
newcases_per,16/10/2020,44.571
newcases_per,17/10/2020,44.874
newcases_per,18/10/2020,45.617
newcases_per,19/10/2020,47.152
newcases_per,20/10/2020,48.388
newcases_per,21/10/2020,49.538
newcases_per,22/10/2020,50.682
newcases_per,23/10/2020,52.281
newcases_per,24/10/2020,53.811
newcases_per,25/10/2020,54.377
newcases_per,26/10/2020,56.401
newcases_per,27/10/2020,57.878
newcases_per,28/10/2020,59.076
newcases_per,29/10/2020,60.508
newcases_per,30/10/2020,61.897
newcases_per,31/10/2020,62.2
newcases_per,01/11/2020,64.091
newcases_per,02/11/2020,65.416
newcases_per,03/11/2020,67.009
newcases_per,04/11/2020,67.832
newcases_per,05/11/2020,69.099
newcases_per,06/11/2020,70.003
newcases_per,07/11/2020,72.266
newcases_per,08/11/2020,72.636
newcases_per,09/11/2020,71.557
newcases_per,10/11/2020,71.994
newcases_per,11/11/2020,73.301
newcases_per,12/11/2020,73.76
newcases_per,13/11/2020,74.462
newcases_per,14/11/2020,74.286
newcases_per,15/11/2020,74.116
newcases_per,16/11/2020,74.684
newcases_per,17/11/2020,75.213
newcases_per,18/11/2020,75.192
newcases_per,19/11/2020,75.337
newcases_per,20/11/2020,75.525
newcases_per,21/11/2020,75.544
newcases_per,22/11/2020,75.765
newcases_per,23/11/2020,75.613
newcases_per,24/11/2020,75.334
newcases_per,25/11/2020,75.473
newcases_per,26/11/2020,74.349
newcases_per,27/11/2020,74.514
newcases_per,28/11/2020,74.533
newcases_per,29/11/2020,74.509
newcases_per,30/11/2020,74.181
newcases_per,01/12/2020,74.625
newcases_per,02/12/2020,74.948
newcases_per,03/12/2020,76.832
newcases_per,04/12/2020,76.948
newcases_per,05/12/2020,77.978
newcases_per,06/12/2020,78.907
newcases_per,07/12/2020,79.191
newcases_per,08/12/2020,79.699
newcases_per,09/12/2020,80.054
newcases_per,10/12/2020,79.768
newcases_per,11/12/2020,80.096
newcases_per,12/12/2020,79.984
newcases_per,13/12/2020,79.857
newcases_per,14/12/2020,80.072
newcases_per,15/12/2020,80.228
newcases_per,16/12/2020,81.214
newcases_per,17/12/2020,82.3
newcases_per,18/12/2020,82.576
newcases_per,19/12/2020,82.265
newcases_per,20/12/2020,82.28
newcases_per,21/12/2020,82.443
newcases_per,22/12/2020,82.542
newcases_per,23/12/2020,81.957
newcases_per,24/12/2020,80.897
newcases_per,25/12/2020,76.453
newcases_per,26/12/2020,74.366
newcases_per,27/12/2020,72.571
newcases_per,28/12/2020,71.702
newcases_per,29/12/2020,71.828
newcases_per,30/12/2020,72.652
newcases_per,31/12/2020,74.343
newcases_per,01/01/2021,75.94
newcases_per,02/01/2021,77.702
newcases_per,03/01/2021,79.345
newcases_per,04/01/2021,80.439
newcases_per,05/01/2021,81.802
newcases_per,06/01/2021,82.705
newcases_per,07/01/2021,84.839
newcases_per,08/01/2021,89.548
newcases_per,09/01/2021,92.21
newcases_per,10/01/2021,93.427
newcases_per,11/01/2021,94.628
newcases_per,12/01/2021,93.834
newcases_per,13/01/2021,93.103
newcases_per,14/01/2021,90.706
newcases_per,15/01/2021,89.778
newcases_per,16/01/2021,87.835
newcases_per,17/01/2021,86.702
newcases_per,18/01/2021,84.848
newcases_per,19/01/2021,83.002
newcases_per,20/01/2021,82.054
newcases_per,21/01/2021,80.178
newcases_per,22/01/2021,78.135
newcases_per,23/01/2021,76.796
newcases_per,24/01/2021,75.554
newcases_per,25/01/2021,75.111
newcases_per,26/01/2021,74.319
newcases_per,27/01/2021,72.608
newcases_per,28/01/2021,71.812
newcases_per,29/01/2021,70.556
newcases_per,30/01/2021,69.557
newcases_per,31/01/2021,68.303
newcases_per,01/02/2021,67.449
newcases_per,02/02/2021,65.748
newcases_per,03/02/2021,64.336
newcases_per,04/02/2021,61.727
newcases_per,05/02/2021,60.731
newcases_per,06/02/2021,59.136
newcases_per,07/02/2021,58.495
newcases_per,08/02/2021,56.582
newcases_per,09/02/2021,55.581
newcases_per,10/02/2021,54.043
newcases_per,11/02/2021,53.574
newcases_per,12/02/2021,51.621
newcases_per,13/02/2021,50.727
newcases_per,14/02/2021,49.848
newcases_per,15/02/2021,48.717
newcases_per,16/02/2021,47.869
newcases_per,17/02/2021,46.916
newcases_per,18/02/2021,46.294
newcases_per,19/02/2021,46.001
newcases_per,20/02/2021,45.901
newcases_per,21/02/2021,46.176
newcases_per,22/02/2021,46.441
newcases_per,23/02/2021,47.032
newcases_per,24/02/2021,48.095
newcases_per,25/02/2021,48.89
newcases_per,26/02/2021,49.478
newcases_per,27/02/2021,49.797
newcases_per,28/02/2021,49.564
newcases_per,01/03/2021,49.833
newcases_per,02/03/2021,48.387
newcases_per,03/03/2021,48.349
newcases_per,04/03/2021,48.42
newcases_per,05/03/2021,48.451
newcases_per,06/03/2021,48.843
newcases_per,07/03/2021,50.03
newcases_per,08/03/2021,49.942
newcases_per,09/03/2021,51.806
newcases_per,10/03/2021,52.281
newcases_per,11/03/2021,52.709
newcases_per,12/03/2021,53.466
newcases_per,13/03/2021,54.169
newcases_per,14/03/2021,53.992
newcases_per,15/03/2021,54.944
newcases_per,16/03/2021,55.91
newcases_per,17/03/2021,57.343
newcases_per,18/03/2021,58.504
newcases_per,19/03/2021,59.836
newcases_per,20/03/2021,60.641
newcases_per,21/03/2021,61.957
newcases_per,22/03/2021,63.153
newcases_per,23/03/2021,64.048
newcases_per,24/03/2021,65.615
newcases_per,25/03/2021,67.55
newcases_per,26/03/2021,68.946
newcases_per,27/03/2021,70.506
newcases_per,28/03/2021,71.258
newcases_per,29/03/2021,71.954
newcases_per,30/03/2021,72.922
newcases_per,31/03/2021,73.763
newcases_per,01/04/2021,74.831
newcases_per,02/04/2021,74.77
newcases_per,03/04/2021,73.789
newcases_per,04/04/2021,75.228
newcases_per,05/04/2021,75.92
newcases_per,06/04/2021,76.495
newcases_per,07/04/2021,76.484
newcases_per,08/04/2021,78.89
newcases_per,09/04/2021,80.883
newcases_per,10/04/2021,83.342
newcases_per,11/04/2021,85.83
newcases_per,12/04/2021,87.975
newcases_per,13/04/2021,91.21
newcases_per,14/04/2021,93.666
newcases_per,15/04/2021,93.162
newcases_per,16/04/2021,95.179
newcases_per,17/04/2021,97.463
newcases_per,18/04/2021,97.253
newcases_per,19/04/2021,98.726
newcases_per,20/04/2021,100.096
newcases_per,21/04/2021,101.335
newcases_per,22/04/2021,102.923
newcases_per,23/04/2021,103.787
newcases_per,24/04/2021,104.263
newcases_per,25/04/2021,105.049
newcases_per,26/04/2021,104.804
newcases_per,27/04/2021,104.65
newcases_per,28/04/2021,105.013
newcases_per,29/04/2021,104.897
newcases_per,30/04/2021,104.53
newcases_per,01/05/2021,104.075
newcases_per,02/05/2021,103.163
newcases_per,03/05/2021,103.316
newcases_per,04/05/2021,102.434
newcases_per,05/05/2021,101.347
newcases_per,06/05/2021,100.858
newcases_per,07/05/2021,99.902
newcases_per,08/05/2021,99.82
newcases_per,09/05/2021,99.101
newcases_per,10/05/2021,97.945
newcases_per,11/05/2021,96.792
newcases_per,12/05/2021,95.237
newcases_per,13/05/2021,92.732
newcases_per,14/05/2021,90.537
newcases_per,15/05/2021,87.708
newcases_per,16/05/2021,86.077
newcases_per,17/05/2021,84.52
newcases_per,18/05/2021,82.444
newcases_per,19/05/2021,80.871
newcases_per,20/05/2021,79.034
newcases_per,21/05/2021,77.509
newcases_per,22/05/2021,76.442
newcases_per,23/05/2021,75.236
newcases_per,24/05/2021,73.57
newcases_per,25/05/2021,71.956
newcases_per,26/05/2021,70.069
newcases_per,27/05/2021,68.643
newcases_per,28/05/2021,66.435
newcases_per,29/05/2021,64.761
newcases_per,30/05/2021,63.129
newcases_per,31/05/2021,61.907
newcases_per,01/06/2021,60.624
newcases_per,02/06/2021,59.127
newcases_per,03/06/2021,57.87
newcases_per,04/06/2021,56.423
newcases_per,05/06/2021,54.907
newcases_per,06/06/2021,53.711
newcases_per,07/06/2021,52.586
newcases_per,08/06/2021,50.904
newcases_per,09/06/2021,49.674
newcases_per,10/06/2021,49.143
newcases_per,11/06/2021,49.092
newcases_per,12/06/2021,48.602
newcases_per,13/06/2021,48.215
newcases_per,14/06/2021,47.982
newcases_per,15/06/2021,48.124
newcases_per,16/06/2021,47.595
newcases_per,17/06/2021,46.545
newcases_per,18/06/2021,46.207
newcases_per,19/06/2021,45.796
newcases_per,20/06/2021,45.8
newcases_per,21/06/2021,45.613
newcases_per,22/06/2021,46.164
newcases_per,23/06/2021,46.347
newcases_per,24/06/2021,46.582
newcases_per,25/06/2021,46.84
newcases_per,26/06/2021,47.156
newcases_per,27/06/2021,47.282
newcases_per,28/06/2021,47.87
newcases_per,29/06/2021,47.371
newcases_per,30/06/2021,47.377
newcases_per,01/07/2021,47.903
newcases_per,02/07/2021,48.301
newcases_per,03/07/2021,48.543
newcases_per,04/07/2021,48.841
newcases_per,05/07/2021,49.612
newcases_per,06/07/2021,50.911
newcases_per,07/07/2021,52.059
newcases_per,08/07/2021,52.854
newcases_per,09/07/2021,54.097
newcases_per,10/07/2021,54.95
newcases_per,11/07/2021,55.724
newcases_per,12/07/2021,56.875
newcases_per,13/07/2021,58.167
newcases_per,14/07/2021,59.55
newcases_per,15/07/2021,61.236
newcases_per,16/07/2021,62.821
newcases_per,17/07/2021,64.022
newcases_per,18/07/2021,64.836
newcases_per,19/07/2021,65.906
newcases_per,20/07/2021,66.087
newcases_per,21/07/2021,66.455
newcases_per,22/07/2021,66.266
newcases_per,23/07/2021,68.659
newcases_per,24/07/2021,67.592
newcases_per,25/07/2021,68.174
newcases_per,26/07/2021,68.974
newcases_per,27/07/2021,70.406
newcases_per,28/07/2021,71.915
newcases_per,29/07/2021,73.522
newcases_per,30/07/2021,73.564
newcases_per,31/07/2021,74.993
newcases_per,01/08/2021,75.649
newcases_per,02/08/2021,76.337
newcases_per,03/08/2021,76.794
newcases_per,04/08/2021,77.372
newcases_per,05/08/2021,78.034
newcases_per,06/08/2021,79.713
newcases_per,07/08/2021,80.449
newcases_per,08/08/2021,79.741
newcases_per,09/08/2021,81.086
newcases_per,10/08/2021,81.297
newcases_per,11/08/2021,82.318
newcases_per,12/08/2021,82.65
newcases_per,13/08/2021,82.332
newcases_per,14/08/2021,82.054
newcases_per,15/08/2021,82.472
newcases_per,16/08/2021,82.912
newcases_per,17/08/2021,83.551
newcases_per,18/08/2021,83.464
newcases_per,19/08/2021,83.621
newcases_per,20/08/2021,83.362
newcases_per,21/08/2021,83.471
newcases_per,22/08/2021,83.155
newcases_per,23/08/2021,83.578
newcases_per,24/08/2021,83.64
newcases_per,25/08/2021,83.693
newcases_per,26/08/2021,84.06
newcases_per,27/08/2021,83.256
newcases_per,28/08/2021,83.423
newcases_per,29/08/2021,83.408
newcases_per,30/08/2021,83.056
newcases_per,31/08/2021,81.851
newcases_per,01/09/2021,81.78
newcases_per,02/09/2021,80.731
newcases_per,03/09/2021,80.187
newcases_per,04/09/2021,79.067
newcases_per,05/09/2021,78.982
newcases_per,06/09/2021,74.673
newcases_per,07/09/2021,76.355
newcases_per,08/09/2021,74.657
newcases_per,09/09/2021,73.964
newcases_per,10/09/2021,72.482
newcases_per,11/09/2021,71.983
newcases_per,12/09/2021,70.63
newcases_per,13/09/2021,73.382
newcases_per,14/09/2021,70.431
newcases_per,15/09/2021,69.24
newcases_per,16/09/2021,68.116
newcases_per,17/09/2021,67.811
newcases_per,18/09/2021,66.547
newcases_per,19/09/2021,66.45
newcases_per,20/09/2021,65.238
newcases_per,21/09/2021,64.034
newcases_per,22/09/2021,63.45
newcases_per,23/09/2021,62.261
newcases_per,24/09/2021,60.975
newcases_per,25/09/2021,60.571
newcases_per,26/09/2021,60.333
newcases_per,27/09/2021,59.133
newcases_per,28/09/2021,58.513
newcases_per,29/09/2021,57.926
newcases_per,30/09/2021,57.33
newcases_per,01/10/2021,57.187
newcases_per,02/10/2021,56.816
newcases_per,03/10/2021,56.048
newcases_per,04/10/2021,55.669
newcases_per,05/10/2021,55.14
newcases_per,06/10/2021,55.352
newcases_per,07/10/2021,54.493
newcases_per,08/10/2021,53.331
newcases_per,09/10/2021,53.058
newcases_per,10/10/2021,53.21
newcases_per,11/10/2021,52.054
newcases_per,12/10/2021,52.263
newcases_per,13/10/2021,51.361
newcases_per,14/10/2021,51.608
newcases_per,15/10/2021,51.269
newcases_per,16/10/2021,51.351
newcases_per,17/10/2021,51.323
newcases_per,18/10/2021,51.972
newcases_per,19/10/2021,52.138
newcases_per,20/10/2021,52.273
newcases_per,21/10/2021,52.483
newcases_per,22/10/2021,52.999
newcases_per,23/10/2021,53.438
newcases_per,24/10/2021,53.45
newcases_per,25/10/2021,53.757
newcases_per,26/10/2021,53.762
newcases_per,27/10/2021,54.507
newcases_per,28/10/2021,54.514
newcases_per,29/10/2021,54.895
newcases_per,30/10/2021,55.266
newcases_per,31/10/2021,55.37
newcases_per,01/11/2021,55.211
newcases_per,02/11/2021,54.963
newcases_per,03/11/2021,55.152
newcases_per,04/11/2021,56.425
newcases_per,05/11/2021,56.597
newcases_per,06/11/2021,57.19
newcases_per,07/11/2021,57.669
newcases_per,08/11/2021,58.681
newcases_per,09/11/2021,59.678
newcases_per,10/11/2021,60.663
newcases_per,11/11/2021,60.487
newcases_per,12/11/2021,61.903
newcases_per,13/11/2021,62.086
newcases_per,14/11/2021,62.183
newcases_per,15/11/2021,63.355
newcases_per,16/11/2021,64.077
newcases_per,17/11/2021,64.969
newcases_per,18/11/2021,66.71
newcases_per,19/11/2021,67.104
newcases_per,20/11/2021,68.073
newcases_per,21/11/2021,68.885
newcases_per,22/11/2021,70.352
newcases_per,23/11/2021,71.581
newcases_per,24/11/2021,72.398
newcases_per,25/11/2021,72.115
newcases_per,26/11/2021,71.746
newcases_per,27/11/2021,71.243
newcases_per,28/11/2021,71.411
newcases_per,29/11/2021,72.128
newcases_per,30/11/2021,72.749
newcases_per,01/12/2021,73.408
newcases_per,02/12/2021,75.259
newcases_per,03/12/2021,77.428
newcases_per,04/12/2021,78.468
newcases_per,05/12/2021,79.049
newcases_per,06/12/2021,77.773
newcases_per,07/12/2021,78.987
newcases_per,08/12/2021,78.352
newcases_per,09/12/2021,78.852
newcases_per,10/12/2021,78.546
newcases_per,11/12/2021,78.311
newcases_per,12/12/2021,78.262
newcases_per,13/12/2021,78.902
newcases_per,14/12/2021,78.343
newcases_per,15/12/2021,79.539
newcases_per,16/12/2021,79.779
newcases_per,17/12/2021,80.346
newcases_per,18/12/2021,81.798
newcases_per,19/12/2021,82.546
newcases_per,20/12/2021,84.803
newcases_per,21/12/2021,87.126
newcases_per,22/12/2021,90.067
newcases_per,23/12/2021,94.444
newcases_per,24/12/2021,96.361
newcases_per,25/12/2021,95.227
newcases_per,26/12/2021,95.134
newcases_per,27/12/2021,108.521
newcases_per,28/12/2021,118.026
newcases_per,29/12/2021,133.079
newcases_per,30/12/2021,150.622
newcases_per,31/12/2021,166.616
price,22/01/2020,163.396072
price,23/01/2020,163.396072
price,24/01/2020,163.396072
price,25/01/2020,
price,26/01/2020,
price,27/01/2020,159.594818
price,28/01/2020,161.136642
price,29/01/2020,161.029953
price,30/01/2020,161.417877
price,31/01/2020,158.56691
price,01/02/2020,
price,02/02/2020,
price,03/02/2020,159.963272
price,04/02/2020,162.484543
price,05/02/2020,164.084549
price,06/02/2020,164.540298
price,07/02/2020,163.599701
price,08/02/2020,
price,09/02/2020,
price,10/02/2020,164.802139
price,11/02/2020,165.257904
price,12/02/2020,166.295502
price,13/02/2020,166.227615
price,14/02/2020,166.49913
price,15/02/2020,
price,16/02/2020,
price,17/02/2020,
price,18/02/2020,166.111252
price,19/02/2020,166.954895
price,20/02/2020,166.450638
price,21/02/2020,164.743958
price,22/02/2020,
price,23/02/2020,
price,24/02/2020,159.323288
price,25/02/2020,154.455338
price,26/02/2020,153.60199
price,27/02/2020,146.872238
price,28/02/2020,145.883102
price,29/02/2020,
price,01/03/2020,
price,02/03/2020,151.924393
price,03/03/2020,148.00679
price,04/03/2020,153.921997
price,05/03/2020,148.792236
price,06/03/2020,146.028549
price,07/03/2020,
price,08/03/2020,
price,09/03/2020,134.304764
price,10/03/2020,140.966675
price,11/03/2020,133.829605
price,12/03/2020,120.816116
price,13/03/2020,131.812607
price,14/03/2020,
price,15/03/2020,
price,16/03/2020,116.811211
price,17/03/2020,122.668259
price,18/03/2020,115.599083
price,19/03/2020,116.452408
price,20/03/2020,111.700844
price,21/03/2020,
price,22/03/2020,
price,23/03/2020,108.520195
price,24/03/2020,118.818504
price,25/03/2020,120.457321
price,26/03/2020,127.770149
price,27/03/2020,123.696655
price,28/03/2020,
price,29/03/2020,
price,30/03/2020,127.44857
price,31/03/2020,125.626213
price,01/04/2020,119.827782
price,02/04/2020,122.322556
price,03/04/2020,120.237076
price,04/04/2020,
price,05/04/2020,
price,06/04/2020,128.647232
price,07/04/2020,128.793427
price,08/04/2020,133.315216
price,09/04/2020,135.809998
price,10/04/2020,
price,11/04/2020,
price,12/04/2020,
price,13/04/2020,134.192307
price,14/04/2020,138.265823
price,15/04/2020,135.02063
price,16/04/2020,135.654099
price,17/04/2020,139.493713
price,18/04/2020,
price,19/04/2020,
price,20/04/2020,137.232834
price,21/04/2020,132.974121
price,22/04/2020,135.975677
price,23/04/2020,135.995193
price,24/04/2020,138.022171
price,25/04/2020,
price,26/04/2020,
price,27/04/2020,140.468246
price,28/04/2020,140.029709
price,29/04/2020,143.996017
price,30/04/2020,142.124939
price,01/05/2020,138.197586
price,02/05/2020,
price,03/05/2020,
price,04/05/2020,138.723846
price,05/05/2020,140.010223
price,06/05/2020,139.240372
price,07/05/2020,141.062714
price,08/05/2020,143.713425
price,09/05/2020,
price,10/05/2020,
price,11/05/2020,143.732895
price,12/05/2020,140.672897
price,13/05/2020,137.846786
price,14/05/2020,139.328064
price,15/05/2020,140.166153
price,16/05/2020,
price,17/05/2020,
price,18/05/2020,144.814651
price,19/05/2020,143.274872
price,20/05/2020,145.925583
price,21/05/2020,145.048523
price,22/05/2020,145.457809
price,23/05/2020,
price,24/05/2020,
price,25/05/2020,
price,26/05/2020,147.484848
price,27/05/2020,149.81395
price,28/05/2020,149.297455
price,29/05/2020,149.794464
price,30/05/2020,
price,31/05/2020,
price,01/06/2020,150.807983
price,02/06/2020,151.948166
price,03/06/2020,154.316284
price,04/06/2020,153.82901
price,05/06/2020,157.775833
price,06/06/2020,
price,07/06/2020,
price,08/06/2020,159.919815
price,09/06/2020,158.458008
price,10/06/2020,157.278824
price,11/06/2020,148.001328
price,12/06/2020,150.047821
price,13/06/2020,
price,14/06/2020,
price,15/06/2020,151.655807
price,16/06/2020,154.569626
price,17/06/2020,153.81926
price,18/06/2020,153.945953
price,19/06/2020,153.078644
price,20/06/2020,
price,21/06/2020,
price,22/06/2020,154.140869
price,23/06/2020,154.745056
price,24/06/2020,150.544846
price,25/06/2020,152.365723
price,26/06/2020,148.821899
price,27/06/2020,
price,28/06/2020,
price,29/06/2020,151.004959
price,30/06/2020,153.237
price,01/07/2020,154.127853
price,02/07/2020,154.744598
price,03/07/2020,
price,04/07/2020,
price,05/07/2020,
price,06/07/2020,157.18222
price,07/07/2020,155.586502
price,08/07/2020,156.859146
price,09/07/2020,155.889999
price,10/07/2020,157.564011
price,11/07/2020,
price,12/07/2020,
price,13/07/2020,155.860626
price,14/07/2020,157.906647
price,15/07/2020,159.864578
price,16/07/2020,159.149933
price,17/07/2020,159.756897
price,18/07/2020,
price,19/07/2020,
price,20/07/2020,160.980606
price,21/07/2020,161.440689
price,22/07/2020,162.282593
price,23/07/2020,160.510696
price,24/07/2020,159.267395
price,25/07/2020,
price,26/07/2020,
price,27/07/2020,160.637955
price,28/07/2020,159.463196
price,29/07/2020,161.577759
price,30/07/2020,161.21553
price,31/07/2020,162.037872
price,01/08/2020,
price,02/08/2020,
price,03/08/2020,163.447601
price,04/08/2020,164.093689
price,05/08/2020,165.288025
price,06/08/2020,166.090759
price,07/08/2020,166.227829
price,08/08/2020,
price,09/08/2020,
price,10/08/2020,166.687927
price,11/08/2020,165.346756
price,12/08/2020,167.559204
price,13/08/2020,167.431961
price,14/08/2020,167.382996
price,15/08/2020,
price,16/08/2020,
price,17/08/2020,168.097656
price,18/08/2020,168.352188
price,19/08/2020,167.696274
price,20/08/2020,168.17598
price,21/08/2020,168.596924
price,22/08/2020,
price,23/08/2020,
price,24/08/2020,170.212189
price,25/08/2020,170.780014
price,26/08/2020,172.326782
price,27/08/2020,172.737946
price,28/08/2020,173.942062
price,29/08/2020,
price,30/08/2020,
price,31/08/2020,173.550461
price,01/09/2020,175.087433
price,02/09/2020,177.427155
price,03/09/2020,171.259705
price,04/09/2020,169.801025
price,05/09/2020,
price,06/09/2020,
price,07/09/2020,
price,08/09/2020,165.033524
price,09/09/2020,168.264084
price,10/09/2020,165.503387
price,11/09/2020,165.562134
price,12/09/2020,
price,13/09/2020,
price,14/09/2020,168.146591
price,15/09/2020,169.105972
price,16/09/2020,168.547974
price,17/09/2020,167.157822
price,18/09/2020,165.532776
price,19/09/2020,
price,20/09/2020,
price,21/09/2020,163.535675
price,22/09/2020,165.160782
price,23/09/2020,161.176392
price,24/09/2020,161.519028
price,25/09/2020,164.118027
price,26/09/2020,
price,27/09/2020,
price,28/09/2020,167.096451
price,29/09/2020,166.162598
price,30/09/2020,167.410995
price,01/10/2020,168.806824
price,02/10/2020,167.489624
price,03/10/2020,
price,04/10/2020,
price,05/10/2020,170.50737
price,06/10/2020,168.403809
price,07/10/2020,171.342926
price,08/10/2020,172.846863
price,09/10/2020,174.301682
price,10/10/2020,
price,11/10/2020,
price,12/10/2020,176.886917
price,13/10/2020,175.953064
price,14/10/2020,174.783325
price,15/10/2020,174.8423
price,16/10/2020,174.52774
price,17/10/2020,
price,18/10/2020,
price,19/10/2020,172.031006
price,20/10/2020,172.6306
price,21/10/2020,172.040833
price,22/10/2020,173.259705
price,23/10/2020,173.829819
price,24/10/2020,
price,25/10/2020,
price,26/10/2020,170.674484
price,27/10/2020,169.986374
price,28/10/2020,164.353912
price,29/10/2020,165.907013
price,30/10/2020,164.147491
price,31/10/2020,
price,01/11/2020,
price,02/11/2020,165.857895
price,03/11/2020,169.042755
price,04/11/2020,172.728928
price,05/11/2020,176.297119
price,06/11/2020,176.208649
price,07/11/2020,
price,08/11/2020,
price,09/11/2020,178.302383
price,10/11/2020,178.007492
price,11/11/2020,179.452469
price,12/11/2020,177.683105
price,13/11/2020,180.199539
price,14/11/2020,
price,15/11/2020,
price,16/11/2020,182.401413
price,17/11/2020,181.988556
price,18/11/2020,180.06192
price,19/11/2020,181.064575
price,20/11/2020,180.111069
price,21/11/2020,
price,22/11/2020,
price,23/11/2020,181.585526
price,24/11/2020,184.396851
price,25/11/2020,184.328064
price,26/11/2020,
price,27/11/2020,184.976791
price,28/11/2020,
price,29/11/2020,
price,30/11/2020,183.521988
price,01/12/2020,185.851654
price,02/12/2020,186.008926
price,03/12/2020,186.382477
price,04/12/2020,188.250122
price,05/12/2020,
price,06/12/2020,
price,07/12/2020,188.043701
price,08/12/2020,188.859573
price,09/12/2020,187.001755
price,10/12/2020,187.276993
price,11/12/2020,186.942764
price,12/12/2020,
price,13/12/2020,
price,14/12/2020,186.411957
price,15/12/2020,188.967697
price,16/12/2020,189.233109
price,17/12/2020,190.717407
price,18/12/2020,190.176788
price,19/12/2020,
price,20/12/2020,
price,21/12/2020,189.626297
price,22/12/2020,189.665619
price,23/12/2020,189.990005
price,24/12/2020,190.307816
price,25/12/2020,
price,26/12/2020,
price,27/12/2020,
price,28/12/2020,191.511902
price,29/12/2020,190.712448
price,30/12/2020,191.225693
price,31/12/2020,192.104111
price,01/01/2021,
price,02/01/2021,
price,03/01/2021,
price,04/01/2021,189.370193
price,05/01/2021,190.899979
price,06/01/2021,192.617325
price,07/01/2021,195.706543
price,08/01/2021,196.654037
price,09/01/2021,
price,10/01/2021,
price,11/01/2021,195.479538
price,12/01/2021,196.17041
price,13/01/2021,196.387558
price,14/01/2021,196.200027
price,15/01/2021,194.492554
price,16/01/2021,
price,17/01/2021,
price,18/01/2021,
price,19/01/2021,196.269119
price,20/01/2021,198.746399
price,21/01/2021,198.598358
price,22/01/2021,198.272659
price,23/01/2021,
price,24/01/2021,
price,25/01/2021,198.835236
price,26/01/2021,198.114746
price,27/01/2021,193.357544
price,28/01/2021,194.877472
price,29/01/2021,191.462585
price,30/01/2021,
price,31/01/2021,
price,01/02/2021,194.729431
price,02/02/2021,197.522552
price,03/02/2021,197.818665
price,04/02/2021,200.325562
price,05/02/2021,201.450699
price,06/02/2021,
price,07/02/2021,
price,08/02/2021,203.256882
price,09/02/2021,203.335831
price,10/02/2021,203.246994
price,11/02/2021,203.730606
price,12/02/2021,204.786697
price,13/02/2021,
price,14/02/2021,
price,15/02/2021,
price,16/02/2021,204.421509
price,17/02/2021,203.997116
price,18/02/2021,202.822601
price,19/02/2021,203.286484
price,20/02/2021,
price,21/02/2021,
price,22/02/2021,201.35202
price,23/02/2021,201.322388
price,24/02/2021,203.582581
price,25/02/2021,198.262802
price,26/02/2021,197.473221
price,27/02/2021,
price,28/02/2021,
price,01/03/2021,202.546249
price,02/03/2021,200.641403
price,03/03/2021,197.749573
price,04/03/2021,194.62088
price,05/03/2021,198.134491
price,06/03/2021,
price,07/03/2021,
price,08/03/2021,197.167252
price,09/03/2021,200.226883
price,10/03/2021,201.657974
price,11/03/2021,204.293213
price,12/03/2021,204.697845
price,13/03/2021,
price,14/03/2021,
price,15/03/2021,206.128967
price,16/03/2021,205.299896
price,17/03/2021,206.079605
price,18/03/2021,202.329102
price,19/03/2021,202.585724
price,20/03/2021,
price,21/03/2021,
price,22/03/2021,203.681259
price,23/03/2021,201.361893
price,24/03/2021,199.693909
price,25/03/2021,201.171356
price,26/03/2021,204.459045
price,27/03/2021,
price,28/03/2021,
price,29/03/2021,203.498474
price,30/03/2021,203.439072
price,31/03/2021,204.67691
price,01/04/2021,207.241653
price,02/04/2021,
price,03/04/2021,
price,04/04/2021,
price,05/04/2021,209.657898
price,06/04/2021,209.737122
price,07/04/2021,209.558853
price,08/04/2021,210.776901
price,09/04/2021,212.054337
price,10/04/2021,
price,11/04/2021,
price,12/04/2021,212.113754
price,13/04/2021,212.707901
price,14/04/2021,212.23259
price,15/04/2021,214.490372
price,16/04/2021,215.035004
price,17/04/2021,
price,18/04/2021,
price,19/04/2021,213.62883
price,20/04/2021,211.668121
price,21/04/2021,214.193298
price,22/04/2021,212.519745
price,23/04/2021,215.094437
price,24/04/2021,
price,25/04/2021,
price,26/04/2021,215.87674
price,27/04/2021,215.77771
price,28/04/2021,215.748001
price,29/04/2021,216.569931
price,30/04/2021,214.985519
price,01/05/2021,
price,02/05/2021,
price,03/05/2021,215.361786
price,04/05/2021,213.747681
price,05/05/2021,213.708054
price,06/05/2021,214.797363
price,07/05/2021,216.619431
price,08/05/2021,
price,09/05/2021,
price,10/05/2021,214.074448
price,11/05/2021,212.35141
price,12/05/2021,207.568451
price,13/05/2021,209.855942
price,14/05/2021,213.440674
price,15/05/2021,
price,16/05/2021,
price,17/05/2021,212.985184
price,18/05/2021,211.321533
price,19/05/2021,210.707581
price,20/05/2021,212.995087
price,21/05/2021,212.876251
price,22/05/2021,
price,23/05/2021,
price,24/05/2021,215.025101
price,25/05/2021,214.430954
price,26/05/2021,215.203354
price,27/05/2021,215.599457
price,28/05/2021,215.965851
price,29/05/2021,
price,30/05/2021,
price,31/05/2021,
price,01/06/2021,216.054993
price,02/06/2021,216.342163
price,03/06/2021,215.381607
price,04/06/2021,217.253189
price,05/06/2021,
price,06/06/2021,
price,07/06/2021,217.431442
price,08/06/2021,217.87706
price,09/06/2021,217.263092
price,10/06/2021,218.223633
price,11/06/2021,218.867325
price,12/06/2021,
price,13/06/2021,
price,14/06/2021,219.20401
price,15/06/2021,218.629654
price,16/06/2021,217.540359
price,17/06/2021,217.332413
price,18/06/2021,214.638916
price,19/06/2021,
price,20/06/2021,
price,21/06/2021,217.599792
price,22/06/2021,218.837616
price,23/06/2021,218.748474
price,24/06/2021,220.233475
price,25/06/2021,221.057907
price,26/06/2021,
price,27/06/2021,
price,28/06/2021,221.306229
price,29/06/2021,221.316147
price,30/06/2021,221.326096
price,01/07/2021,222.527985
price,02/07/2021,223.759674
price,03/07/2021,
price,04/07/2021,
price,05/07/2021,
price,06/07/2021,223.272949
price,07/07/2021,223.570938
price,08/07/2021,221.68367
price,09/07/2021,224.365585
price,10/07/2021,
price,11/07/2021,
price,12/07/2021,224.991348
price,13/07/2021,223.739807
price,14/07/2021,223.431885
price,15/07/2021,222.647171
price,16/07/2021,220.898972
price,17/07/2021,
price,18/07/2021,
price,19/07/2021,217.760162
price,20/07/2021,221.524765
price,21/07/2021,223.511353
price,22/07/2021,223.700073
price,23/07/2021,225.934982
price,24/07/2021,
price,25/07/2021,
price,26/07/2021,226.391907
price,27/07/2021,225.170151
price,28/07/2021,225.517792
price,29/07/2021,226.511093
price,30/07/2021,225.170151
price,31/07/2021,
price,01/08/2021,
price,02/08/2021,224.85228
price,03/08/2021,226.461441
price,04/08/2021,225.448257
price,05/08/2021,227.057404
price,06/08/2021,227.335526
price,07/08/2021,
price,08/08/2021,
price,09/08/2021,227.246124
price,10/08/2021,227.395111
price,11/08/2021,227.842117
price,12/08/2021,228.477814
price,13/08/2021,228.606949
price,14/08/2021,
price,15/08/2021,
price,16/08/2021,228.69635
price,17/08/2021,226.997818
price,18/08/2021,224.733093
price,19/08/2021,224.56424
price,20/08/2021,226.580627
price,21/08/2021,
price,22/08/2021,
price,23/08/2021,228.775818
price,24/08/2021,229.590317
price,25/08/2021,230.24588
price,26/08/2021,228.706284
price,27/08/2021,231.169647
price,28/08/2021,
price,29/08/2021,
price,30/08/2021,232.043747
price,31/08/2021,231.606705
price,01/09/2021,232.013947
price,02/09/2021,232.798645
price,03/09/2021,232.719193
price,04/09/2021,
price,05/09/2021,
price,06/09/2021,
price,07/09/2021,231.715958
price,08/09/2021,231.169647
price,09/09/2021,230.365082
price,10/09/2021,228.537415
price,11/09/2021,
price,12/09/2021,
price,13/09/2021,229.05394
price,14/09/2021,227.673248
price,15/09/2021,229.550583
price,16/09/2021,229.34198
price,17/09/2021,227.504395
price,18/09/2021,
price,19/09/2021,
price,20/09/2021,223.561005
price,21/09/2021,223.541138
price,22/09/2021,225.795929
price,23/09/2021,228.547348
price,24/09/2021,228.820374
price,25/09/2021,
price,26/09/2021,
price,27/09/2021,228.322159
price,28/09/2021,223.539291
price,29/09/2021,223.688766
price,30/09/2021,221.267426
price,01/10/2021,224.316498
price,02/10/2021,
price,03/10/2021,
price,04/10/2021,220.938599
price,05/10/2021,223.001221
price,06/10/2021,223.927887
price,07/10/2021,226.080185
price,08/10/2021,225.58197
price,09/10/2021,
price,10/10/2021,
price,11/10/2021,223.957779
price,12/10/2021,223.79837
price,13/10/2021,224.814713
price,14/10/2021,228.551331
price,15/10/2021,229.906479
price,16/10/2021,
price,17/10/2021,
price,18/10/2021,230.743484
price,19/10/2021,232.427444
price,20/10/2021,233.334198
price,21/10/2021,233.971924
price,22/10/2021,233.523529
price,23/10/2021,
price,24/10/2021,
price,25/10/2021,234.958389
price,26/10/2021,234.868713
price,27/10/2021,233.264465
price,28/10/2021,235.755539
price,29/10/2021,236.064423
price,30/10/2021,
price,31/10/2021,
price,01/11/2021,237.240204
price,02/11/2021,237.97757
price,03/11/2021,239.661545
price,04/11/2021,240.568283
price,05/11/2021,241.49498
price,06/11/2021,
price,07/11/2021,
price,08/11/2021,241.893539
price,09/11/2021,241.196045
price,10/11/2021,238.824524
price,11/11/2021,239.11351
price,12/11/2021,240.887146
price,13/11/2021,
price,14/11/2021,
price,15/11/2021,240.887146
price,16/11/2021,241.923431
price,17/11/2021,240.927002
price,18/11/2021,241.305649
price,19/11/2021,240.618103
price,20/11/2021,
price,21/11/2021,
price,22/11/2021,239.462265
price,23/11/2021,239.541962
price,24/11/2021,240.349091
price,25/11/2021,
price,26/11/2021,235.14772
price,27/11/2021,
price,28/11/2021,
price,29/11/2021,237.359787
price,30/11/2021,232.616776
price,01/12/2021,229.338516
price,02/12/2021,233.065155
price,03/12/2021,230.364838
price,04/12/2021,
price,05/12/2021,
price,06/12/2021,233.324249
price,07/12/2021,238.31636
price,08/12/2021,239.342682
price,09/12/2021,237.060852
price,10/12/2021,238.675079
price,11/12/2021,
price,12/12/2021,
price,13/12/2021,236.502853
price,14/12/2021,234.729218
price,15/12/2021,238.346252
price,16/12/2021,235.675827
price,17/12/2021,234.59967
price,18/12/2021,
price,19/12/2021,
price,20/12/2021,231.301483
price,21/12/2021,235.835236
price,22/12/2021,238.166901
price,23/12/2021,239.811005
price,24/12/2021,
price,25/12/2021,
price,26/12/2021,
price,27/12/2021,242.960007
price,28/12/2021,242.460007
price,29/12/2021,242.600006
price,30/12/2021,242.210007
price,31/12/2021,
newdeaths_per,22/01/2020,
newdeaths_per,23/01/2020,
newdeaths_per,24/01/2020,
newdeaths_per,25/01/2020,
newdeaths_per,26/01/2020,
newdeaths_per,27/01/2020,
newdeaths_per,28/01/2020,0.002
newdeaths_per,29/01/2020,0.002
newdeaths_per,30/01/2020,0.003
newdeaths_per,31/01/2020,0.003
newdeaths_per,01/02/2020,0.004
newdeaths_per,02/02/2020,0.006
newdeaths_per,03/02/2020,0.006
newdeaths_per,04/02/2020,0.007
newdeaths_per,05/02/2020,0.008
newdeaths_per,06/02/2020,0.008
newdeaths_per,07/02/2020,0.009
newdeaths_per,08/02/2020,0.01
newdeaths_per,09/02/2020,0.01
newdeaths_per,10/02/2020,0.011
newdeaths_per,11/02/2020,0.011
newdeaths_per,12/02/2020,0.01
newdeaths_per,13/02/2020,0.013
newdeaths_per,14/02/2020,0.015
newdeaths_per,15/02/2020,0.016
newdeaths_per,16/02/2020,0.016
newdeaths_per,17/02/2020,0.016
newdeaths_per,18/02/2020,0.016
newdeaths_per,19/02/2020,0.018
newdeaths_per,20/02/2020,0.016
newdeaths_per,21/02/2020,0.013
newdeaths_per,22/02/2020,0.014
newdeaths_per,23/02/2020,0.013
newdeaths_per,24/02/2020,0.014
newdeaths_per,25/02/2020,0.013
newdeaths_per,26/02/2020,0.012
newdeaths_per,27/02/2020,0.01
newdeaths_per,28/02/2020,0.011
newdeaths_per,29/02/2020,0.009
newdeaths_per,01/03/2020,0.01
newdeaths_per,02/03/2020,0.008
newdeaths_per,03/03/2020,0.008
newdeaths_per,04/03/2020,0.009
newdeaths_per,05/03/2020,0.01
newdeaths_per,06/03/2020,0.011
newdeaths_per,07/03/2020,0.011
newdeaths_per,08/03/2020,0.015
newdeaths_per,09/03/2020,0.016
newdeaths_per,10/03/2020,0.02
newdeaths_per,11/03/2020,0.025
newdeaths_per,12/03/2020,0.029
newdeaths_per,13/03/2020,0.035
newdeaths_per,14/03/2020,0.041
newdeaths_per,15/03/2020,0.049
newdeaths_per,16/03/2020,0.058
newdeaths_per,17/03/2020,0.067
newdeaths_per,18/03/2020,0.078
newdeaths_per,19/03/2020,0.092
newdeaths_per,20/03/2020,0.111
newdeaths_per,21/03/2020,0.134
newdeaths_per,22/03/2020,0.153
newdeaths_per,23/03/2020,0.176
newdeaths_per,24/03/2020,0.203
newdeaths_per,25/03/2020,0.238
newdeaths_per,26/03/2020,0.273
newdeaths_per,27/03/2020,0.309
newdeaths_per,28/03/2020,0.347
newdeaths_per,29/03/2020,0.38
newdeaths_per,30/03/2020,0.418
newdeaths_per,31/03/2020,0.462
newdeaths_per,01/04/2020,0.52
newdeaths_per,02/04/2020,0.572
newdeaths_per,03/04/2020,0.621
newdeaths_per,04/04/2020,0.659
newdeaths_per,05/04/2020,0.692
newdeaths_per,06/04/2020,0.725
newdeaths_per,07/04/2020,0.79
newdeaths_per,08/04/2020,0.805
newdeaths_per,09/04/2020,0.841
newdeaths_per,10/04/2020,0.863
newdeaths_per,11/04/2020,0.869
newdeaths_per,12/04/2020,0.881
newdeaths_per,13/04/2020,0.883
newdeaths_per,14/04/2020,0.861
newdeaths_per,15/04/2020,0.892
newdeaths_per,16/04/2020,0.884
newdeaths_per,17/04/2020,0.904
newdeaths_per,18/04/2020,0.902
newdeaths_per,19/04/2020,0.891
newdeaths_per,20/04/2020,0.892
newdeaths_per,21/04/2020,0.897
newdeaths_per,22/04/2020,0.87
newdeaths_per,23/04/2020,0.862
newdeaths_per,24/04/2020,0.833
newdeaths_per,25/04/2020,0.828
newdeaths_per,26/04/2020,0.808
newdeaths_per,27/04/2020,0.787
newdeaths_per,28/04/2020,0.777
newdeaths_per,29/04/2020,0.776
newdeaths_per,30/04/2020,0.759
newdeaths_per,01/05/2020,0.732
newdeaths_per,02/05/2020,0.732
newdeaths_per,03/05/2020,0.724
newdeaths_per,04/05/2020,0.717
newdeaths_per,05/05/2020,0.705
newdeaths_per,06/05/2020,0.703
newdeaths_per,07/05/2020,0.697
newdeaths_per,08/05/2020,0.705
newdeaths_per,09/05/2020,0.682
newdeaths_per,10/05/2020,0.686
newdeaths_per,11/05/2020,0.674
newdeaths_per,12/05/2020,0.67
newdeaths_per,13/05/2020,0.645
newdeaths_per,14/05/2020,0.643
newdeaths_per,15/05/2020,0.637
newdeaths_per,16/05/2020,0.637
newdeaths_per,17/05/2020,0.628
newdeaths_per,18/05/2020,0.632
newdeaths_per,19/05/2020,0.619
newdeaths_per,20/05/2020,0.617
newdeaths_per,21/05/2020,0.606
newdeaths_per,22/05/2020,0.607
newdeaths_per,23/05/2020,0.604
newdeaths_per,24/05/2020,0.602
newdeaths_per,25/05/2020,0.555
newdeaths_per,26/05/2020,0.546
newdeaths_per,27/05/2020,0.546
newdeaths_per,28/05/2020,0.548
newdeaths_per,29/05/2020,0.538
newdeaths_per,30/05/2020,0.536
newdeaths_per,31/05/2020,0.53
newdeaths_per,01/06/2020,0.568
newdeaths_per,02/06/2020,0.58
newdeaths_per,03/06/2020,0.585
newdeaths_per,04/06/2020,0.593
newdeaths_per,05/06/2020,0.592
newdeaths_per,06/06/2020,0.589
newdeaths_per,07/06/2020,0.589
newdeaths_per,08/06/2020,0.602
newdeaths_per,09/06/2020,0.599
newdeaths_per,10/06/2020,0.594
newdeaths_per,11/06/2020,0.587
newdeaths_per,12/06/2020,0.58
newdeaths_per,13/06/2020,0.586
newdeaths_per,14/06/2020,0.595
newdeaths_per,15/06/2020,0.589
newdeaths_per,16/06/2020,0.625
newdeaths_per,17/06/2020,0.626
newdeaths_per,18/06/2020,0.63
newdeaths_per,19/06/2020,0.66
newdeaths_per,20/06/2020,0.661
newdeaths_per,21/06/2020,0.677
newdeaths_per,22/06/2020,0.674
newdeaths_per,23/06/2020,0.646
newdeaths_per,24/06/2020,0.646
newdeaths_per,25/06/2020,0.642
newdeaths_per,26/06/2020,0.618
newdeaths_per,27/06/2020,0.623
newdeaths_per,28/06/2020,0.604
newdeaths_per,29/06/2020,0.608
newdeaths_per,30/06/2020,0.602
newdeaths_per,01/07/2020,0.6
newdeaths_per,02/07/2020,0.607
newdeaths_per,03/07/2020,0.61
newdeaths_per,04/07/2020,0.611
newdeaths_per,05/07/2020,0.615
newdeaths_per,06/07/2020,0.619
newdeaths_per,07/07/2020,0.639
newdeaths_per,08/07/2020,0.644
newdeaths_per,09/07/2020,0.65
newdeaths_per,10/07/2020,0.659
newdeaths_per,11/07/2020,0.665
newdeaths_per,12/07/2020,0.674
newdeaths_per,13/07/2020,0.677
newdeaths_per,14/07/2020,0.67
newdeaths_per,15/07/2020,0.675
newdeaths_per,16/07/2020,0.682
newdeaths_per,17/07/2020,0.704
newdeaths_per,18/07/2020,0.73
newdeaths_per,19/07/2020,0.741
newdeaths_per,20/07/2020,0.732
newdeaths_per,21/07/2020,0.739
newdeaths_per,22/07/2020,0.766
newdeaths_per,23/07/2020,0.774
newdeaths_per,24/07/2020,0.764
newdeaths_per,25/07/2020,0.757
newdeaths_per,26/07/2020,0.747
newdeaths_per,27/07/2020,0.772
newdeaths_per,28/07/2020,0.782
newdeaths_per,29/07/2020,0.769
newdeaths_per,30/07/2020,0.771
newdeaths_per,31/07/2020,0.774
newdeaths_per,01/08/2020,0.772
newdeaths_per,02/08/2020,0.778
newdeaths_per,03/08/2020,0.769
newdeaths_per,04/08/2020,0.773
newdeaths_per,05/08/2020,0.787
newdeaths_per,06/08/2020,0.788
newdeaths_per,07/08/2020,0.791
newdeaths_per,08/08/2020,0.791
newdeaths_per,09/08/2020,0.8
newdeaths_per,10/08/2020,0.81
newdeaths_per,11/08/2020,0.8
newdeaths_per,12/08/2020,0.793
newdeaths_per,13/08/2020,0.792
newdeaths_per,14/08/2020,0.789
newdeaths_per,15/08/2020,0.789
newdeaths_per,16/08/2020,0.782
newdeaths_per,17/08/2020,0.769
newdeaths_per,18/08/2020,0.777
newdeaths_per,19/08/2020,0.777
newdeaths_per,20/08/2020,0.771
newdeaths_per,21/08/2020,0.756
newdeaths_per,22/08/2020,0.752
newdeaths_per,23/08/2020,0.744
newdeaths_per,24/08/2020,0.748
newdeaths_per,25/08/2020,0.739
newdeaths_per,26/08/2020,0.731
newdeaths_per,27/08/2020,0.727
newdeaths_per,28/08/2020,0.728
newdeaths_per,29/08/2020,0.729
newdeaths_per,30/08/2020,0.728
newdeaths_per,31/08/2020,0.72
newdeaths_per,01/09/2020,0.721
newdeaths_per,02/09/2020,0.716
newdeaths_per,03/09/2020,0.714
newdeaths_per,04/09/2020,0.714
newdeaths_per,05/09/2020,0.701
newdeaths_per,06/09/2020,0.699
newdeaths_per,07/09/2020,0.723
newdeaths_per,08/09/2020,0.697
newdeaths_per,09/09/2020,0.696
newdeaths_per,10/09/2020,0.694
newdeaths_per,11/09/2020,0.697
newdeaths_per,12/09/2020,0.696
newdeaths_per,13/09/2020,0.692
newdeaths_per,14/09/2020,0.671
newdeaths_per,15/09/2020,0.698
newdeaths_per,16/09/2020,0.691
newdeaths_per,17/09/2020,0.684
newdeaths_per,18/09/2020,0.681
newdeaths_per,19/09/2020,0.686
newdeaths_per,20/09/2020,0.686
newdeaths_per,21/09/2020,0.683
newdeaths_per,22/09/2020,0.676
newdeaths_per,23/09/2020,0.688
newdeaths_per,24/09/2020,0.688
newdeaths_per,25/09/2020,0.691
newdeaths_per,26/09/2020,0.693
newdeaths_per,27/09/2020,0.691
newdeaths_per,28/09/2020,0.685
newdeaths_per,29/09/2020,0.684
newdeaths_per,30/09/2020,0.682
newdeaths_per,01/10/2020,0.741
newdeaths_per,02/10/2020,0.735
newdeaths_per,03/10/2020,0.722
newdeaths_per,04/10/2020,0.725
newdeaths_per,05/10/2020,0.779
newdeaths_per,06/10/2020,0.775
newdeaths_per,07/10/2020,0.765
newdeaths_per,08/10/2020,0.719
newdeaths_per,09/10/2020,0.728
newdeaths_per,10/10/2020,0.731
newdeaths_per,11/10/2020,0.733
newdeaths_per,12/10/2020,0.678
newdeaths_per,13/10/2020,0.67
newdeaths_per,14/10/2020,0.675
newdeaths_per,15/10/2020,0.672
newdeaths_per,16/10/2020,0.673
newdeaths_per,17/10/2020,0.687
newdeaths_per,18/10/2020,0.683
newdeaths_per,19/10/2020,0.695
newdeaths_per,20/10/2020,0.717
newdeaths_per,21/10/2020,0.729
newdeaths_per,22/10/2020,0.724
newdeaths_per,23/10/2020,0.74
newdeaths_per,24/10/2020,0.743
newdeaths_per,25/10/2020,0.75
newdeaths_per,26/10/2020,0.766
newdeaths_per,27/10/2020,0.781
newdeaths_per,28/10/2020,0.787
newdeaths_per,29/10/2020,0.81
newdeaths_per,30/10/2020,0.822
newdeaths_per,31/10/2020,0.835
newdeaths_per,01/11/2020,0.851
newdeaths_per,02/11/2020,0.861
newdeaths_per,03/11/2020,0.898
newdeaths_per,04/11/2020,0.951
newdeaths_per,05/11/2020,0.979
newdeaths_per,06/11/2020,1.004
newdeaths_per,07/11/2020,1.024
newdeaths_per,08/11/2020,1.041
newdeaths_per,09/11/2020,1.059
newdeaths_per,10/11/2020,1.07
newdeaths_per,11/11/2020,1.077
newdeaths_per,12/11/2020,1.096
newdeaths_per,13/11/2020,1.108
newdeaths_per,14/11/2020,1.133
newdeaths_per,15/11/2020,1.142
newdeaths_per,16/11/2020,1.156
newdeaths_per,17/11/2020,1.174
newdeaths_per,18/11/2020,1.191
newdeaths_per,19/11/2020,1.216
newdeaths_per,20/11/2020,1.252
newdeaths_per,21/11/2020,1.252
newdeaths_per,22/11/2020,1.267
newdeaths_per,23/11/2020,1.277
newdeaths_per,24/11/2020,1.307
newdeaths_per,25/11/2020,1.319
newdeaths_per,26/11/2020,1.317
newdeaths_per,27/11/2020,1.311
newdeaths_per,28/11/2020,1.315
newdeaths_per,29/11/2020,1.313
newdeaths_per,30/11/2020,1.32
newdeaths_per,01/12/2020,1.32
newdeaths_per,02/12/2020,1.33
newdeaths_per,03/12/2020,1.359
newdeaths_per,04/12/2020,1.376
newdeaths_per,05/12/2020,1.396
newdeaths_per,06/12/2020,1.404
newdeaths_per,07/12/2020,1.4
newdeaths_per,08/12/2020,1.392
newdeaths_per,09/12/2020,1.392
newdeaths_per,10/12/2020,1.393
newdeaths_per,11/12/2020,1.405
newdeaths_per,12/12/2020,1.412
newdeaths_per,13/12/2020,1.413
newdeaths_per,14/12/2020,1.421
newdeaths_per,15/12/2020,1.448
newdeaths_per,16/12/2020,1.469
newdeaths_per,17/12/2020,1.482
newdeaths_per,18/12/2020,1.479
newdeaths_per,19/12/2020,1.483
newdeaths_per,20/12/2020,1.489
newdeaths_per,21/12/2020,1.496
newdeaths_per,22/12/2020,1.504
newdeaths_per,23/12/2020,1.503
newdeaths_per,24/12/2020,1.475
newdeaths_per,25/12/2020,1.398
newdeaths_per,26/12/2020,1.337
newdeaths_per,27/12/2020,1.33
newdeaths_per,28/12/2020,1.332
newdeaths_per,29/12/2020,1.349
newdeaths_per,30/12/2020,1.382
newdeaths_per,31/12/2020,1.407
newdeaths_per,01/01/2021,1.425
newdeaths_per,02/01/2021,1.442
newdeaths_per,03/01/2021,1.44
newdeaths_per,04/01/2021,1.447
newdeaths_per,05/01/2021,1.453
newdeaths_per,06/01/2021,1.444
newdeaths_per,07/01/2021,1.478
newdeaths_per,08/01/2021,1.582
newdeaths_per,09/01/2021,1.661
newdeaths_per,10/01/2021,1.682
newdeaths_per,11/01/2021,1.682
newdeaths_per,12/01/2021,1.713
newdeaths_per,13/01/2021,1.746
newdeaths_per,14/01/2021,1.752
newdeaths_per,15/01/2021,1.746
newdeaths_per,16/01/2021,1.762
newdeaths_per,17/01/2021,1.768
newdeaths_per,18/01/2021,1.762
newdeaths_per,19/01/2021,1.752
newdeaths_per,20/01/2021,1.774
newdeaths_per,21/01/2021,1.804
newdeaths_per,22/01/2021,1.823
newdeaths_per,23/01/2021,1.827
newdeaths_per,24/01/2021,1.829
newdeaths_per,25/01/2021,1.852
newdeaths_per,26/01/2021,1.867
newdeaths_per,27/01/2021,1.855
newdeaths_per,28/01/2021,1.853
newdeaths_per,29/01/2021,1.841
newdeaths_per,30/01/2021,1.834
newdeaths_per,31/01/2021,1.826
newdeaths_per,01/02/2021,1.814
newdeaths_per,02/02/2021,1.778
newdeaths_per,03/02/2021,1.754
newdeaths_per,04/02/2021,1.681
newdeaths_per,05/02/2021,1.713
newdeaths_per,06/02/2021,1.674
newdeaths_per,07/02/2021,1.648
newdeaths_per,08/02/2021,1.63
newdeaths_per,09/02/2021,1.63
newdeaths_per,10/02/2021,1.594
newdeaths_per,11/02/2021,1.608
newdeaths_per,12/02/2021,1.532
newdeaths_per,13/02/2021,1.514
newdeaths_per,14/02/2021,1.502
newdeaths_per,15/02/2021,1.467
newdeaths_per,16/02/2021,1.393
newdeaths_per,17/02/2021,1.355
newdeaths_per,18/02/2021,1.322
newdeaths_per,19/02/2021,1.298
newdeaths_per,20/02/2021,1.268
newdeaths_per,21/02/2021,1.266
newdeaths_per,22/02/2021,1.264
newdeaths_per,23/02/2021,1.269
newdeaths_per,24/02/2021,1.279
newdeaths_per,25/02/2021,1.256
newdeaths_per,26/02/2021,1.239
newdeaths_per,27/02/2021,1.235
newdeaths_per,28/02/2021,1.23
newdeaths_per,01/03/2021,1.236
newdeaths_per,02/03/2021,1.214
newdeaths_per,03/03/2021,1.2
newdeaths_per,04/03/2021,1.195
newdeaths_per,05/03/2021,1.19
newdeaths_per,06/03/2021,1.183
newdeaths_per,07/03/2021,1.176
newdeaths_per,08/03/2021,1.168
newdeaths_per,09/03/2021,1.171
newdeaths_per,10/03/2021,1.143
newdeaths_per,11/03/2021,1.139
newdeaths_per,12/03/2021,1.127
newdeaths_per,13/03/2021,1.133
newdeaths_per,14/03/2021,1.132
newdeaths_per,15/03/2021,1.14
newdeaths_per,16/03/2021,1.14
newdeaths_per,17/03/2021,1.147
newdeaths_per,18/03/2021,1.157
newdeaths_per,19/03/2021,1.174
newdeaths_per,20/03/2021,1.179
newdeaths_per,21/03/2021,1.226
newdeaths_per,22/03/2021,1.233
newdeaths_per,23/03/2021,1.248
newdeaths_per,24/03/2021,1.25
newdeaths_per,25/03/2021,1.265
newdeaths_per,26/03/2021,1.3
newdeaths_per,27/03/2021,1.326
newdeaths_per,28/03/2021,1.304
newdeaths_per,29/03/2021,1.317
newdeaths_per,30/03/2021,1.326
newdeaths_per,31/03/2021,1.366
newdeaths_per,01/04/2021,1.38
newdeaths_per,02/04/2021,1.34
newdeaths_per,03/04/2021,1.325
newdeaths_per,04/04/2021,1.327
newdeaths_per,05/04/2021,1.317
newdeaths_per,06/04/2021,1.326
newdeaths_per,07/04/2021,1.374
newdeaths_per,08/04/2021,1.411
newdeaths_per,09/04/2021,1.479
newdeaths_per,10/04/2021,1.544
newdeaths_per,11/04/2021,1.575
newdeaths_per,12/04/2021,1.608
newdeaths_per,13/04/2021,1.633
newdeaths_per,14/04/2021,1.605
newdeaths_per,15/04/2021,1.592
newdeaths_per,16/04/2021,1.574
newdeaths_per,17/04/2021,1.567
newdeaths_per,18/04/2021,1.568
newdeaths_per,19/04/2021,1.591
newdeaths_per,20/04/2021,1.6
newdeaths_per,21/04/2021,1.611
newdeaths_per,22/04/2021,1.617
newdeaths_per,23/04/2021,1.652
newdeaths_per,24/04/2021,1.662
newdeaths_per,25/04/2021,1.69
newdeaths_per,26/04/2021,1.7
newdeaths_per,27/04/2021,1.712
newdeaths_per,28/04/2021,1.735
newdeaths_per,29/04/2021,1.769
newdeaths_per,30/04/2021,1.751
newdeaths_per,01/05/2021,1.75
newdeaths_per,02/05/2021,1.743
newdeaths_per,03/05/2021,1.743
newdeaths_per,04/05/2021,1.727
newdeaths_per,05/05/2021,1.708
newdeaths_per,06/05/2021,1.687
newdeaths_per,07/05/2021,1.69
newdeaths_per,08/05/2021,1.695
newdeaths_per,09/05/2021,1.696
newdeaths_per,10/05/2021,1.686
newdeaths_per,11/05/2021,1.688
newdeaths_per,12/05/2021,1.671
newdeaths_per,13/05/2021,1.652
newdeaths_per,14/05/2021,1.626
newdeaths_per,15/05/2021,1.607
newdeaths_per,16/05/2021,1.605
newdeaths_per,17/05/2021,1.608
newdeaths_per,18/05/2021,1.608
newdeaths_per,19/05/2021,1.598
newdeaths_per,20/05/2021,1.59
newdeaths_per,21/05/2021,1.589
newdeaths_per,22/05/2021,1.574
newdeaths_per,23/05/2021,1.565
newdeaths_per,24/05/2021,1.523
newdeaths_per,25/05/2021,1.506
newdeaths_per,26/05/2021,1.495
newdeaths_per,27/05/2021,1.489
newdeaths_per,28/05/2021,1.472
newdeaths_per,29/05/2021,1.46
newdeaths_per,30/05/2021,1.435
newdeaths_per,31/05/2021,1.429
newdeaths_per,01/06/2021,1.388
newdeaths_per,02/06/2021,1.372
newdeaths_per,03/06/2021,1.321
newdeaths_per,04/06/2021,1.298
newdeaths_per,05/06/2021,1.273
newdeaths_per,06/06/2021,1.253
newdeaths_per,07/06/2021,1.242
newdeaths_per,08/06/2021,1.236
newdeaths_per,09/06/2021,1.204
newdeaths_per,10/06/2021,1.177
newdeaths_per,11/06/2021,1.197
newdeaths_per,12/06/2021,1.203
newdeaths_per,13/06/2021,1.24
newdeaths_per,14/06/2021,1.238
newdeaths_per,15/06/2021,1.241
newdeaths_per,16/06/2021,1.238
newdeaths_per,17/06/2021,1.251
newdeaths_per,18/06/2021,1.204
newdeaths_per,19/06/2021,1.175
newdeaths_per,20/06/2021,1.129
newdeaths_per,21/06/2021,1.111
newdeaths_per,22/06/2021,1.078
newdeaths_per,23/06/2021,1.066
newdeaths_per,24/06/2021,1.054
newdeaths_per,25/06/2021,1.054
newdeaths_per,26/06/2021,1.043
newdeaths_per,27/06/2021,1.032
newdeaths_per,28/06/2021,1.023
newdeaths_per,29/06/2021,1.008
newdeaths_per,30/06/2021,1.005
newdeaths_per,01/07/2021,1.004
newdeaths_per,02/07/2021,0.987
newdeaths_per,03/07/2021,0.977
newdeaths_per,04/07/2021,0.986
newdeaths_per,05/07/2021,1.001
newdeaths_per,06/07/2021,1.007
newdeaths_per,07/07/2021,0.994
newdeaths_per,08/07/2021,1.001
newdeaths_per,09/07/2021,1.002
newdeaths_per,10/07/2021,0.996
newdeaths_per,11/07/2021,1.014
newdeaths_per,12/07/2021,1.027
newdeaths_per,13/07/2021,1.024
newdeaths_per,14/07/2021,1.026
newdeaths_per,15/07/2021,1.02
newdeaths_per,16/07/2021,1.026
newdeaths_per,17/07/2021,1.042
newdeaths_per,18/07/2021,1.025
newdeaths_per,19/07/2021,1.008
newdeaths_per,20/07/2021,1.072
newdeaths_per,21/07/2021,1.073
newdeaths_per,22/07/2021,1.077
newdeaths_per,23/07/2021,1.07
newdeaths_per,24/07/2021,1.091
newdeaths_per,25/07/2021,1.104
newdeaths_per,26/07/2021,1.116
newdeaths_per,27/07/2021,1.078
newdeaths_per,28/07/2021,1.105
newdeaths_per,29/07/2021,1.143
newdeaths_per,30/07/2021,1.166
newdeaths_per,31/07/2021,1.168
newdeaths_per,01/08/2021,1.169
newdeaths_per,02/08/2021,1.173
newdeaths_per,03/08/2021,1.183
newdeaths_per,04/08/2021,1.189
newdeaths_per,05/08/2021,1.191
newdeaths_per,06/08/2021,1.208
newdeaths_per,07/08/2021,1.205
newdeaths_per,08/08/2021,1.206
newdeaths_per,09/08/2021,1.218
newdeaths_per,10/08/2021,1.241
newdeaths_per,11/08/2021,1.24
newdeaths_per,12/08/2021,1.232
newdeaths_per,13/08/2021,1.231
newdeaths_per,14/08/2021,1.232
newdeaths_per,15/08/2021,1.231
newdeaths_per,16/08/2021,1.25
newdeaths_per,17/08/2021,1.234
newdeaths_per,18/08/2021,1.239
newdeaths_per,19/08/2021,1.257
newdeaths_per,20/08/2021,1.259
newdeaths_per,21/08/2021,1.262
newdeaths_per,22/08/2021,1.267
newdeaths_per,23/08/2021,1.273
newdeaths_per,24/08/2021,1.279
newdeaths_per,25/08/2021,1.289
newdeaths_per,26/08/2021,1.29
newdeaths_per,27/08/2021,1.287
newdeaths_per,28/08/2021,1.28
newdeaths_per,29/08/2021,1.263
newdeaths_per,30/08/2021,1.252
newdeaths_per,31/08/2021,1.218
newdeaths_per,01/09/2021,1.238
newdeaths_per,02/09/2021,1.231
newdeaths_per,03/09/2021,1.238
newdeaths_per,04/09/2021,1.225
newdeaths_per,05/09/2021,1.221
newdeaths_per,06/09/2021,1.194
newdeaths_per,07/09/2021,1.217
newdeaths_per,08/09/2021,1.173
newdeaths_per,09/09/2021,1.166
newdeaths_per,10/09/2021,1.139
newdeaths_per,11/09/2021,1.15
newdeaths_per,12/09/2021,1.132
newdeaths_per,13/09/2021,1.152
newdeaths_per,14/09/2021,1.142
newdeaths_per,15/09/2021,1.149
newdeaths_per,16/09/2021,1.143
newdeaths_per,17/09/2021,1.14
newdeaths_per,18/09/2021,1.106
newdeaths_per,19/09/2021,1.116
newdeaths_per,20/09/2021,1.099
newdeaths_per,21/09/2021,1.088
newdeaths_per,22/09/2021,1.079
newdeaths_per,23/09/2021,1.065
newdeaths_per,24/09/2021,1.061
newdeaths_per,25/09/2021,1.042
newdeaths_per,26/09/2021,1.031
newdeaths_per,27/09/2021,1.022
newdeaths_per,28/09/2021,1.023
newdeaths_per,29/09/2021,1.013
newdeaths_per,30/09/2021,0.996
newdeaths_per,01/10/2021,0.993
newdeaths_per,02/10/2021,1.001
newdeaths_per,03/10/2021,0.98
newdeaths_per,04/10/2021,0.971
newdeaths_per,05/10/2021,0.935
newdeaths_per,06/10/2021,0.933
newdeaths_per,07/10/2021,0.933
newdeaths_per,08/10/2021,0.915
newdeaths_per,09/10/2021,0.896
newdeaths_per,10/10/2021,0.903
newdeaths_per,11/10/2021,0.877
newdeaths_per,12/10/2021,0.89
newdeaths_per,13/10/2021,0.882
newdeaths_per,14/10/2021,0.867
newdeaths_per,15/10/2021,0.861
newdeaths_per,16/10/2021,0.868
newdeaths_per,17/10/2021,0.861
newdeaths_per,18/10/2021,0.874
newdeaths_per,19/10/2021,0.876
newdeaths_per,20/10/2021,0.874
newdeaths_per,21/10/2021,0.869
newdeaths_per,22/10/2021,0.886
newdeaths_per,23/10/2021,0.896
newdeaths_per,24/10/2021,0.901
newdeaths_per,25/10/2021,0.904
newdeaths_per,26/10/2021,0.898
newdeaths_per,27/10/2021,0.906
newdeaths_per,28/10/2021,0.922
newdeaths_per,29/10/2021,0.92
newdeaths_per,30/10/2021,0.923
newdeaths_per,31/10/2021,0.922
newdeaths_per,01/11/2021,0.916
newdeaths_per,02/11/2021,0.905
newdeaths_per,03/11/2021,0.891
newdeaths_per,04/11/2021,0.875
newdeaths_per,05/11/2021,0.884
newdeaths_per,06/11/2021,0.894
newdeaths_per,07/11/2021,0.894
newdeaths_per,08/11/2021,0.901
newdeaths_per,09/11/2021,0.918
newdeaths_per,10/11/2021,0.914
newdeaths_per,11/11/2021,0.914
newdeaths_per,12/11/2021,0.922
newdeaths_per,13/11/2021,0.916
newdeaths_per,14/11/2021,0.919
newdeaths_per,15/11/2021,0.924
newdeaths_per,16/11/2021,0.914
newdeaths_per,17/11/2021,0.933
newdeaths_per,18/11/2021,0.943
newdeaths_per,19/11/2021,0.925
newdeaths_per,20/11/2021,0.922
newdeaths_per,21/11/2021,0.92
newdeaths_per,22/11/2021,0.925
newdeaths_per,23/11/2021,0.931
newdeaths_per,24/11/2021,0.922
newdeaths_per,25/11/2021,0.913
newdeaths_per,26/11/2021,0.89
newdeaths_per,27/11/2021,0.886
newdeaths_per,28/11/2021,0.89
newdeaths_per,29/11/2021,0.9
newdeaths_per,30/11/2021,0.898
newdeaths_per,01/12/2021,0.907
newdeaths_per,02/12/2021,0.947
newdeaths_per,03/12/2021,0.978
newdeaths_per,04/12/2021,0.971
newdeaths_per,05/12/2021,1.017
newdeaths_per,06/12/2021,1.002
newdeaths_per,07/12/2021,1.007
newdeaths_per,08/12/2021,0.987
newdeaths_per,09/12/2021,0.963
newdeaths_per,10/12/2021,0.955
newdeaths_per,11/12/2021,0.962
newdeaths_per,12/12/2021,0.911
newdeaths_per,13/12/2021,0.902
newdeaths_per,14/12/2021,0.892
newdeaths_per,15/12/2021,0.911
newdeaths_per,16/12/2021,0.884
newdeaths_per,17/12/2021,0.862
newdeaths_per,18/12/2021,0.864
newdeaths_per,19/12/2021,0.859
newdeaths_per,20/12/2021,0.866
newdeaths_per,21/12/2021,0.864
newdeaths_per,22/12/2021,0.847
newdeaths_per,23/12/2021,0.882
newdeaths_per,24/12/2021,0.869
newdeaths_per,25/12/2021,0.836
newdeaths_per,26/12/2021,0.822
newdeaths_per,27/12/2021,0.817
newdeaths_per,28/12/2021,0.812
newdeaths_per,29/12/2021,0.807
newdeaths_per,30/12/2021,0.777
newdeaths_per,31/12/2021,0.793
newvacc_per,22/01/2020,
newvacc_per,23/01/2020,
newvacc_per,24/01/2020,
newvacc_per,25/01/2020,
newvacc_per,26/01/2020,
newvacc_per,27/01/2020,
newvacc_per,28/01/2020,
newvacc_per,29/01/2020,
newvacc_per,30/01/2020,
newvacc_per,31/01/2020,
newvacc_per,01/02/2020,
newvacc_per,02/02/2020,
newvacc_per,03/02/2020,
newvacc_per,04/02/2020,
newvacc_per,05/02/2020,
newvacc_per,06/02/2020,
newvacc_per,07/02/2020,
newvacc_per,08/02/2020,
newvacc_per,09/02/2020,
newvacc_per,10/02/2020,
newvacc_per,11/02/2020,
newvacc_per,12/02/2020,
newvacc_per,13/02/2020,
newvacc_per,14/02/2020,
newvacc_per,15/02/2020,
newvacc_per,16/02/2020,
newvacc_per,17/02/2020,
newvacc_per,18/02/2020,
newvacc_per,19/02/2020,
newvacc_per,20/02/2020,
newvacc_per,21/02/2020,
newvacc_per,22/02/2020,
newvacc_per,23/02/2020,
newvacc_per,24/02/2020,
newvacc_per,25/02/2020,
newvacc_per,26/02/2020,
newvacc_per,27/02/2020,
newvacc_per,28/02/2020,
newvacc_per,29/02/2020,
newvacc_per,01/03/2020,
newvacc_per,02/03/2020,
newvacc_per,03/03/2020,
newvacc_per,04/03/2020,
newvacc_per,05/03/2020,
newvacc_per,06/03/2020,
newvacc_per,07/03/2020,
newvacc_per,08/03/2020,
newvacc_per,09/03/2020,
newvacc_per,10/03/2020,
newvacc_per,11/03/2020,
newvacc_per,12/03/2020,
newvacc_per,13/03/2020,
newvacc_per,14/03/2020,
newvacc_per,15/03/2020,
newvacc_per,16/03/2020,
newvacc_per,17/03/2020,
newvacc_per,18/03/2020,
newvacc_per,19/03/2020,
newvacc_per,20/03/2020,
newvacc_per,21/03/2020,
newvacc_per,22/03/2020,
newvacc_per,23/03/2020,
newvacc_per,24/03/2020,
newvacc_per,25/03/2020,
newvacc_per,26/03/2020,
newvacc_per,27/03/2020,
newvacc_per,28/03/2020,
newvacc_per,29/03/2020,
newvacc_per,30/03/2020,
newvacc_per,31/03/2020,
newvacc_per,01/04/2020,
newvacc_per,02/04/2020,
newvacc_per,03/04/2020,
newvacc_per,04/04/2020,
newvacc_per,05/04/2020,
newvacc_per,06/04/2020,
newvacc_per,07/04/2020,
newvacc_per,08/04/2020,
newvacc_per,09/04/2020,
newvacc_per,10/04/2020,
newvacc_per,11/04/2020,
newvacc_per,12/04/2020,
newvacc_per,13/04/2020,
newvacc_per,14/04/2020,
newvacc_per,15/04/2020,
newvacc_per,16/04/2020,
newvacc_per,17/04/2020,
newvacc_per,18/04/2020,
newvacc_per,19/04/2020,
newvacc_per,20/04/2020,
newvacc_per,21/04/2020,
newvacc_per,22/04/2020,
newvacc_per,23/04/2020,
newvacc_per,24/04/2020,
newvacc_per,25/04/2020,
newvacc_per,26/04/2020,
newvacc_per,27/04/2020,
newvacc_per,28/04/2020,
newvacc_per,29/04/2020,
newvacc_per,30/04/2020,
newvacc_per,01/05/2020,
newvacc_per,02/05/2020,
newvacc_per,03/05/2020,
newvacc_per,04/05/2020,
newvacc_per,05/05/2020,
newvacc_per,06/05/2020,
newvacc_per,07/05/2020,
newvacc_per,08/05/2020,
newvacc_per,09/05/2020,
newvacc_per,10/05/2020,
newvacc_per,11/05/2020,
newvacc_per,12/05/2020,
newvacc_per,13/05/2020,
newvacc_per,14/05/2020,
newvacc_per,15/05/2020,
newvacc_per,16/05/2020,
newvacc_per,17/05/2020,
newvacc_per,18/05/2020,
newvacc_per,19/05/2020,
newvacc_per,20/05/2020,
newvacc_per,21/05/2020,
newvacc_per,22/05/2020,
newvacc_per,23/05/2020,
newvacc_per,24/05/2020,
newvacc_per,25/05/2020,
newvacc_per,26/05/2020,
newvacc_per,27/05/2020,
newvacc_per,28/05/2020,
newvacc_per,29/05/2020,
newvacc_per,30/05/2020,
newvacc_per,31/05/2020,
newvacc_per,01/06/2020,
newvacc_per,02/06/2020,
newvacc_per,03/06/2020,
newvacc_per,04/06/2020,
newvacc_per,05/06/2020,
newvacc_per,06/06/2020,
newvacc_per,07/06/2020,
newvacc_per,08/06/2020,
newvacc_per,09/06/2020,
newvacc_per,10/06/2020,
newvacc_per,11/06/2020,
newvacc_per,12/06/2020,
newvacc_per,13/06/2020,
newvacc_per,14/06/2020,
newvacc_per,15/06/2020,
newvacc_per,16/06/2020,
newvacc_per,17/06/2020,
newvacc_per,18/06/2020,
newvacc_per,19/06/2020,
newvacc_per,20/06/2020,
newvacc_per,21/06/2020,
newvacc_per,22/06/2020,
newvacc_per,23/06/2020,
newvacc_per,24/06/2020,
newvacc_per,25/06/2020,
newvacc_per,26/06/2020,
newvacc_per,27/06/2020,
newvacc_per,28/06/2020,
newvacc_per,29/06/2020,
newvacc_per,30/06/2020,
newvacc_per,01/07/2020,
newvacc_per,02/07/2020,
newvacc_per,03/07/2020,
newvacc_per,04/07/2020,
newvacc_per,05/07/2020,
newvacc_per,06/07/2020,
newvacc_per,07/07/2020,
newvacc_per,08/07/2020,
newvacc_per,09/07/2020,
newvacc_per,10/07/2020,
newvacc_per,11/07/2020,
newvacc_per,12/07/2020,
newvacc_per,13/07/2020,
newvacc_per,14/07/2020,
newvacc_per,15/07/2020,
newvacc_per,16/07/2020,
newvacc_per,17/07/2020,
newvacc_per,18/07/2020,
newvacc_per,19/07/2020,
newvacc_per,20/07/2020,
newvacc_per,21/07/2020,
newvacc_per,22/07/2020,
newvacc_per,23/07/2020,
newvacc_per,24/07/2020,
newvacc_per,25/07/2020,
newvacc_per,26/07/2020,
newvacc_per,27/07/2020,
newvacc_per,28/07/2020,
newvacc_per,29/07/2020,
newvacc_per,30/07/2020,
newvacc_per,31/07/2020,
newvacc_per,01/08/2020,
newvacc_per,02/08/2020,
newvacc_per,03/08/2020,
newvacc_per,04/08/2020,
newvacc_per,05/08/2020,
newvacc_per,06/08/2020,
newvacc_per,07/08/2020,
newvacc_per,08/08/2020,
newvacc_per,09/08/2020,
newvacc_per,10/08/2020,
newvacc_per,11/08/2020,
newvacc_per,12/08/2020,
newvacc_per,13/08/2020,
newvacc_per,14/08/2020,
newvacc_per,15/08/2020,
newvacc_per,16/08/2020,
newvacc_per,17/08/2020,
newvacc_per,18/08/2020,
newvacc_per,19/08/2020,
newvacc_per,20/08/2020,
newvacc_per,21/08/2020,
newvacc_per,22/08/2020,
newvacc_per,23/08/2020,
newvacc_per,24/08/2020,
newvacc_per,25/08/2020,
newvacc_per,26/08/2020,
newvacc_per,27/08/2020,
newvacc_per,28/08/2020,
newvacc_per,29/08/2020,
newvacc_per,30/08/2020,
newvacc_per,31/08/2020,
newvacc_per,01/09/2020,
newvacc_per,02/09/2020,
newvacc_per,03/09/2020,
newvacc_per,04/09/2020,
newvacc_per,05/09/2020,
newvacc_per,06/09/2020,
newvacc_per,07/09/2020,
newvacc_per,08/09/2020,
newvacc_per,09/09/2020,
newvacc_per,10/09/2020,
newvacc_per,11/09/2020,
newvacc_per,12/09/2020,
newvacc_per,13/09/2020,
newvacc_per,14/09/2020,
newvacc_per,15/09/2020,
newvacc_per,16/09/2020,
newvacc_per,17/09/2020,
newvacc_per,18/09/2020,
newvacc_per,19/09/2020,
newvacc_per,20/09/2020,
newvacc_per,21/09/2020,
newvacc_per,22/09/2020,
newvacc_per,23/09/2020,
newvacc_per,24/09/2020,
newvacc_per,25/09/2020,
newvacc_per,26/09/2020,
newvacc_per,27/09/2020,
newvacc_per,28/09/2020,
newvacc_per,29/09/2020,
newvacc_per,30/09/2020,
newvacc_per,01/10/2020,
newvacc_per,02/10/2020,
newvacc_per,03/10/2020,
newvacc_per,04/10/2020,
newvacc_per,05/10/2020,
newvacc_per,06/10/2020,
newvacc_per,07/10/2020,
newvacc_per,08/10/2020,
newvacc_per,09/10/2020,
newvacc_per,10/10/2020,
newvacc_per,11/10/2020,
newvacc_per,12/10/2020,
newvacc_per,13/10/2020,
newvacc_per,14/10/2020,
newvacc_per,15/10/2020,
newvacc_per,16/10/2020,
newvacc_per,17/10/2020,
newvacc_per,18/10/2020,
newvacc_per,19/10/2020,
newvacc_per,20/10/2020,
newvacc_per,21/10/2020,
newvacc_per,22/10/2020,
newvacc_per,23/10/2020,
newvacc_per,24/10/2020,
newvacc_per,25/10/2020,
newvacc_per,26/10/2020,
newvacc_per,27/10/2020,
newvacc_per,28/10/2020,
newvacc_per,29/10/2020,
newvacc_per,30/10/2020,
newvacc_per,31/10/2020,
newvacc_per,01/11/2020,
newvacc_per,02/11/2020,
newvacc_per,03/11/2020,
newvacc_per,04/11/2020,
newvacc_per,05/11/2020,
newvacc_per,06/11/2020,
newvacc_per,07/11/2020,
newvacc_per,08/11/2020,
newvacc_per,09/11/2020,
newvacc_per,10/11/2020,
newvacc_per,11/11/2020,
newvacc_per,12/11/2020,
newvacc_per,13/11/2020,
newvacc_per,14/11/2020,
newvacc_per,15/11/2020,
newvacc_per,16/11/2020,
newvacc_per,17/11/2020,
newvacc_per,18/11/2020,
newvacc_per,19/11/2020,
newvacc_per,20/11/2020,
newvacc_per,21/11/2020,
newvacc_per,22/11/2020,
newvacc_per,23/11/2020,
newvacc_per,24/11/2020,
newvacc_per,25/11/2020,
newvacc_per,26/11/2020,
newvacc_per,27/11/2020,
newvacc_per,28/11/2020,
newvacc_per,29/11/2020,
newvacc_per,30/11/2020,
newvacc_per,01/12/2020,
newvacc_per,02/12/2020,0
newvacc_per,03/12/2020,0
newvacc_per,04/12/2020,0
newvacc_per,05/12/2020,0
newvacc_per,06/12/2020,0
newvacc_per,07/12/2020,0
newvacc_per,08/12/2020,0
newvacc_per,09/12/2020,0
newvacc_per,10/12/2020,0
newvacc_per,11/12/2020,0
newvacc_per,12/12/2020,0
newvacc_per,13/12/2020,0
newvacc_per,14/12/2020,1
newvacc_per,15/12/2020,29
newvacc_per,16/12/2020,32
newvacc_per,17/12/2020,37
newvacc_per,18/12/2020,45
newvacc_per,19/12/2020,48
newvacc_per,20/12/2020,50
newvacc_per,21/12/2020,57
newvacc_per,22/12/2020,38
newvacc_per,23/12/2020,47
newvacc_per,24/12/2020,48
newvacc_per,25/12/2020,41
newvacc_per,26/12/2020,41
newvacc_per,27/12/2020,44
newvacc_per,28/12/2020,50
newvacc_per,29/12/2020,59
newvacc_per,30/12/2020,67
newvacc_per,31/12/2020,130
newvacc_per,01/01/2021,132
newvacc_per,02/01/2021,151
newvacc_per,03/01/2021,152
newvacc_per,04/01/2021,159
newvacc_per,05/01/2021,179
newvacc_per,06/01/2021,186
newvacc_per,07/01/2021,151
newvacc_per,08/01/2021,181
newvacc_per,09/01/2021,259
newvacc_per,10/01/2021,310
newvacc_per,11/01/2021,324
newvacc_per,12/01/2021,325
newvacc_per,13/01/2021,366
newvacc_per,14/01/2021,386
newvacc_per,15/01/2021,404
newvacc_per,16/01/2021,338
newvacc_per,17/01/2021,302
newvacc_per,18/01/2021,312
newvacc_per,19/01/2021,327
newvacc_per,20/01/2021,410
newvacc_per,21/01/2021,422
newvacc_per,22/01/2021,441
newvacc_per,23/01/2021,453
newvacc_per,24/01/2021,458
newvacc_per,25/01/2021,473
newvacc_per,26/01/2021,482
newvacc_per,27/01/2021,546
newvacc_per,28/01/2021,565
newvacc_per,29/01/2021,576
newvacc_per,30/01/2021,587
newvacc_per,31/01/2021,615
newvacc_per,01/02/2021,619
newvacc_per,02/02/2021,623
newvacc_per,03/02/2021,625
newvacc_per,04/02/2021,639
newvacc_per,05/02/2021,653
newvacc_per,06/02/2021,661
newvacc_per,07/02/2021,634
newvacc_per,08/02/2021,641
newvacc_per,09/02/2021,827
newvacc_per,10/02/2021,711
newvacc_per,11/02/2021,715
newvacc_per,12/02/2021,733
newvacc_per,13/02/2021,746
newvacc_per,14/02/2021,755
newvacc_per,15/02/2021,768
newvacc_per,16/02/2021,604
newvacc_per,17/02/2021,608
newvacc_per,18/02/2021,625
newvacc_per,19/02/2021,611
newvacc_per,20/02/2021,613
newvacc_per,21/02/2021,613
newvacc_per,22/02/2021,608
newvacc_per,23/02/2021,628
newvacc_per,24/02/2021,641
newvacc_per,25/02/2021,654
newvacc_per,26/02/2021,684
newvacc_per,27/02/2021,705
newvacc_per,28/02/2021,932
newvacc_per,01/03/2021,959
newvacc_per,02/03/2021,1054
newvacc_per,03/03/2021,1084
newvacc_per,04/03/2021,1125
newvacc_per,05/03/2021,1157
newvacc_per,06/03/2021,1188
newvacc_per,07/03/2021,993
newvacc_per,08/03/2021,1030
newvacc_per,09/03/2021,978
newvacc_per,10/03/2021,1012
newvacc_per,11/03/2021,1006
newvacc_per,12/03/2021,1029
newvacc_per,13/03/2021,1044
newvacc_per,14/03/2021,1269
newvacc_per,15/03/2021,1312
newvacc_per,16/03/2021,1340
newvacc_per,17/03/2021,1355
newvacc_per,18/03/2021,1380
newvacc_per,19/03/2021,1435
newvacc_per,20/03/2021,1635
newvacc_per,21/03/2021,1411
newvacc_per,22/03/2021,1524
newvacc_per,23/03/2021,1590
newvacc_per,24/03/2021,1668
newvacc_per,25/03/2021,1790
newvacc_per,26/03/2021,1900
newvacc_per,27/03/2021,1812
newvacc_per,28/03/2021,1904
newvacc_per,29/03/2021,1901
newvacc_per,30/03/2021,1934
newvacc_per,31/03/2021,2029
newvacc_per,01/04/2021,2117
newvacc_per,02/04/2021,2127
newvacc_per,03/04/2021,2099
newvacc_per,04/04/2021,2117
newvacc_per,05/04/2021,2082
newvacc_per,06/04/2021,2140
newvacc_per,07/04/2021,2113
newvacc_per,08/04/2021,2152
newvacc_per,09/04/2021,2180
newvacc_per,10/04/2021,2260
newvacc_per,11/04/2021,2277
newvacc_per,12/04/2021,2358
newvacc_per,13/04/2021,2335
newvacc_per,14/04/2021,2343
newvacc_per,15/04/2021,2250
newvacc_per,16/04/2021,2184
newvacc_per,17/04/2021,2124
newvacc_per,18/04/2021,2118
newvacc_per,19/04/2021,2066
newvacc_per,20/04/2021,2017
newvacc_per,21/04/2021,2017
newvacc_per,22/04/2021,2073
newvacc_per,23/04/2021,2084
newvacc_per,24/04/2021,2061
newvacc_per,25/04/2021,2178
newvacc_per,26/04/2021,2202
newvacc_per,27/04/2021,2316
newvacc_per,28/04/2021,2438
newvacc_per,29/04/2021,2481
newvacc_per,30/04/2021,2613
newvacc_per,01/05/2021,2643
newvacc_per,02/05/2021,2531
newvacc_per,03/05/2021,2482
newvacc_per,04/05/2021,2460
newvacc_per,05/05/2021,2357
newvacc_per,06/05/2021,2352
newvacc_per,07/05/2021,2377
newvacc_per,08/05/2021,2481
newvacc_per,09/05/2021,2534
newvacc_per,10/05/2021,2691
newvacc_per,11/05/2021,2789
newvacc_per,12/05/2021,2907
newvacc_per,13/05/2021,2949
newvacc_per,14/05/2021,2928
newvacc_per,15/05/2021,2998
newvacc_per,16/05/2021,3149
newvacc_per,17/05/2021,3225
newvacc_per,18/05/2021,3288
newvacc_per,19/05/2021,3307
newvacc_per,20/05/2021,3444
newvacc_per,21/05/2021,3531
newvacc_per,22/05/2021,3604
newvacc_per,23/05/2021,3608
newvacc_per,24/05/2021,3657
newvacc_per,25/05/2021,3742
newvacc_per,26/05/2021,3885
newvacc_per,27/05/2021,3861
newvacc_per,28/05/2021,3911
newvacc_per,29/05/2021,3989
newvacc_per,30/05/2021,4094
newvacc_per,31/05/2021,4228
newvacc_per,01/06/2021,4329
newvacc_per,02/06/2021,4418
newvacc_per,03/06/2021,4454
newvacc_per,04/06/2021,4564
newvacc_per,05/06/2021,4572
newvacc_per,06/06/2021,4532
newvacc_per,07/06/2021,4429
newvacc_per,08/06/2021,4361
newvacc_per,09/06/2021,4296
newvacc_per,10/06/2021,4372
newvacc_per,11/06/2021,4326
newvacc_per,12/06/2021,4301
newvacc_per,13/06/2021,4321
newvacc_per,14/06/2021,4266
newvacc_per,15/06/2021,4345
newvacc_per,16/06/2021,4423
newvacc_per,17/06/2021,4535
newvacc_per,18/06/2021,4653
newvacc_per,19/06/2021,4775
newvacc_per,20/06/2021,4886
newvacc_per,21/06/2021,5154
newvacc_per,22/06/2021,5229
newvacc_per,23/06/2021,5264
newvacc_per,24/06/2021,5319
newvacc_per,25/06/2021,5354
newvacc_per,26/06/2021,5432
newvacc_per,27/06/2021,5463
newvacc_per,28/06/2021,5372
newvacc_per,29/06/2021,5340
newvacc_per,30/06/2021,5237
newvacc_per,01/07/2021,5159
newvacc_per,02/07/2021,4961
newvacc_per,03/07/2021,4820
newvacc_per,04/07/2021,4636
newvacc_per,05/07/2021,4539
newvacc_per,06/07/2021,4372
newvacc_per,07/07/2021,4288
newvacc_per,08/07/2021,4200
newvacc_per,09/07/2021,4062
newvacc_per,10/07/2021,3967
newvacc_per,11/07/2021,3902
newvacc_per,12/07/2021,3849
newvacc_per,13/07/2021,3878
newvacc_per,14/07/2021,3947
newvacc_per,15/07/2021,3877
newvacc_per,16/07/2021,3989
newvacc_per,17/07/2021,3975
newvacc_per,18/07/2021,3950
newvacc_per,19/07/2021,4008
newvacc_per,20/07/2021,3990
newvacc_per,21/07/2021,3908
newvacc_per,22/07/2021,3978
newvacc_per,23/07/2021,4069
newvacc_per,24/07/2021,4118
newvacc_per,25/07/2021,4248
newvacc_per,26/07/2021,4387
newvacc_per,27/07/2021,4518
newvacc_per,28/07/2021,4700
newvacc_per,29/07/2021,4821
newvacc_per,30/07/2021,4908
newvacc_per,31/07/2021,4940
newvacc_per,01/08/2021,5161
newvacc_per,02/08/2021,5119
newvacc_per,03/08/2021,5382
newvacc_per,04/08/2021,5438
newvacc_per,05/08/2021,5346
newvacc_per,06/08/2021,5254
newvacc_per,07/08/2021,5230
newvacc_per,08/08/2021,5069
newvacc_per,09/08/2021,5157
newvacc_per,10/08/2021,4880
newvacc_per,11/08/2021,4742
newvacc_per,12/08/2021,4634
newvacc_per,13/08/2021,4709
newvacc_per,14/08/2021,4692
newvacc_per,15/08/2021,4608
newvacc_per,16/08/2021,4577
newvacc_per,17/08/2021,4584
newvacc_per,18/08/2021,4587
newvacc_per,19/08/2021,4604
newvacc_per,20/08/2021,4567
newvacc_per,21/08/2021,4581
newvacc_per,22/08/2021,4641
newvacc_per,23/08/2021,4466
newvacc_per,24/08/2021,4564
newvacc_per,25/08/2021,4664
newvacc_per,26/08/2021,4777
newvacc_per,27/08/2021,4975
newvacc_per,28/08/2021,5067
newvacc_per,29/08/2021,5393
newvacc_per,30/08/2021,5446
newvacc_per,31/08/2021,5361
newvacc_per,01/09/2021,5405
newvacc_per,02/09/2021,5248
newvacc_per,03/09/2021,4825
newvacc_per,04/09/2021,4631
newvacc_per,05/09/2021,4331
newvacc_per,06/09/2021,4204
newvacc_per,07/09/2021,4113
newvacc_per,08/09/2021,3996
newvacc_per,09/09/2021,4073
newvacc_per,10/09/2021,4106
newvacc_per,11/09/2021,4259
newvacc_per,12/09/2021,4339
newvacc_per,13/09/2021,4418
newvacc_per,14/09/2021,4252
newvacc_per,15/09/2021,4105
newvacc_per,16/09/2021,3998
newvacc_per,17/09/2021,3929
newvacc_per,18/09/2021,4017
newvacc_per,19/09/2021,3852
newvacc_per,20/09/2021,3774
newvacc_per,21/09/2021,3836
newvacc_per,22/09/2021,3759
newvacc_per,23/09/2021,3782
newvacc_per,24/09/2021,3840
newvacc_per,25/09/2021,3508
newvacc_per,26/09/2021,3383
newvacc_per,27/09/2021,3749
newvacc_per,28/09/2021,3694
newvacc_per,29/09/2021,3774
newvacc_per,30/09/2021,3715
newvacc_per,01/10/2021,3602
newvacc_per,02/10/2021,3604
newvacc_per,03/10/2021,3682
newvacc_per,04/10/2021,3216
newvacc_per,05/10/2021,3338
newvacc_per,06/10/2021,3194
newvacc_per,07/10/2021,3085
newvacc_per,08/10/2021,3236
newvacc_per,09/10/2021,3232
newvacc_per,10/10/2021,3345
newvacc_per,11/10/2021,3296
newvacc_per,12/10/2021,3098
newvacc_per,13/10/2021,3087
newvacc_per,14/10/2021,3072
newvacc_per,15/10/2021,2864
newvacc_per,16/10/2021,2756
newvacc_per,17/10/2021,2704
newvacc_per,18/10/2021,2885
newvacc_per,19/10/2021,2966
newvacc_per,20/10/2021,3201
newvacc_per,21/10/2021,3261
newvacc_per,22/10/2021,3395
newvacc_per,23/10/2021,3618
newvacc_per,24/10/2021,3566
newvacc_per,25/10/2021,3412
newvacc_per,26/10/2021,3402
newvacc_per,27/10/2021,3187
newvacc_per,28/10/2021,3269
newvacc_per,29/10/2021,3460
newvacc_per,30/10/2021,3557
newvacc_per,31/10/2021,3731
newvacc_per,01/11/2021,3799
newvacc_per,02/11/2021,3786
newvacc_per,03/11/2021,3878
newvacc_per,04/11/2021,3916
newvacc_per,05/11/2021,3846
newvacc_per,06/11/2021,3767
newvacc_per,07/11/2021,3674
newvacc_per,08/11/2021,3741
newvacc_per,09/11/2021,3881
newvacc_per,10/11/2021,4067
newvacc_per,11/11/2021,4090
newvacc_per,12/11/2021,4084
newvacc_per,13/11/2021,4194
newvacc_per,14/11/2021,4175
newvacc_per,15/11/2021,4138
newvacc_per,16/11/2021,4019
newvacc_per,17/11/2021,3898
newvacc_per,18/11/2021,3846
newvacc_per,19/11/2021,3844
newvacc_per,20/11/2021,3872
newvacc_per,21/11/2021,3873
newvacc_per,22/11/2021,3925
newvacc_per,23/11/2021,4008
newvacc_per,24/11/2021,4095
newvacc_per,25/11/2021,4059
newvacc_per,26/11/2021,4107
newvacc_per,27/11/2021,4019
newvacc_per,28/11/2021,4229
newvacc_per,29/11/2021,4291
newvacc_per,30/11/2021,4444
newvacc_per,01/12/2021,4544
newvacc_per,02/12/2021,4755
newvacc_per,03/12/2021,4683
newvacc_per,04/12/2021,4828
newvacc_per,05/12/2021,4681
newvacc_per,06/12/2021,4611
newvacc_per,07/12/2021,4419
newvacc_per,08/12/2021,4310
newvacc_per,09/12/2021,4287
newvacc_per,10/12/2021,4625
newvacc_per,11/12/2021,4792
newvacc_per,12/12/2021,4789
newvacc_per,13/12/2021,4797
newvacc_per,14/12/2021,5048
newvacc_per,15/12/2021,5154
newvacc_per,16/12/2021,5029
newvacc_per,17/12/2021,4923
newvacc_per,18/12/2021,4690
newvacc_per,19/12/2021,4733
newvacc_per,20/12/2021,5005
newvacc_per,21/12/2021,4903
newvacc_per,22/12/2021,4745
newvacc_per,23/12/2021,4978
newvacc_per,24/12/2021,4767
newvacc_per,25/12/2021,4620
newvacc_per,26/12/2021,4479
newvacc_per,27/12/2021,4270
newvacc_per,28/12/2021,4308
newvacc_per,29/12/2021,4355
newvacc_per,30/12/2021,4130
newvacc_per,31/12/2021,4050
