date,small_cap,large_cap,mid_cap,cons_disc,IT,materials,healthcare,industrials,utilities,cons_stap,energy,financials
22/01/2020,100,100,100,100,100,100,100,100,100,100,100,100
23/01/2020,99.65588899,99.84026846,99.77936828,99.61441862,100.3583576,99.04368535,99.51518956,100.1423589,100.6987179,99.67843137,99.4874745,99.59436889
24/01/2020,99.04810851,99.37248322,99.42316766,98.78311932,100.1123664,98.95065863,98.37466429,100.3345434,101.2884615,99.54509804,98.83374301,98.94217768
25/01/2020,,,,,,,,,,,,
26/01/2020,,,,,,,,,,,,
27/01/2020,97.60016088,97.73489933,97.84817613,96.97194807,97.71319242,96.64731711,97.39109204,98.43761122,100.7371795,98.74901961,96.4698499,97.39918874
28/01/2020,98.02024445,98.45167785,98.35589492,97.68297428,99.25898931,96.79988093,97.88287817,98.67250338,101.1858974,98.82352941,96.70519324,98.17068321
29/01/2020,97.90628561,98.50604027,98.33064189,97.6758994,99.46550049,97.31710947,97.93519584,99.3095594,101.474359,98.49019608,95.98870352,98.17068321
30/01/2020,97.5107814,98.47986577,98.0867508,97.43889066,99.94837221,96.66964352,97.20623627,98.92163143,102.0128205,98.91764706,95.71675122,98.59222143
31/01/2020,96.48068286,97.22416107,96.99688324,97.78202271,97.55527211,95.71704994,95.90527013,97.63328351,101.6282051,98.34509804,93.48360441,97.27193192
01/02/2020,,,,,,,,,,,,
02/02/2020,,,,,,,,,,,,
03/02/2020,96.7331799,97.6147651,97.29194495,98.35155117,98.67893586,95.99985116,96.48425238,97.49804257,101.9102564,98.29019608,92.17614142,97.4548636
04/02/2020,97.96214779,98.95973154,98.49678024,100.0919735,101.0841837,97.40641512,97.88636601,98.94298527,101.1858974,98.99607843,92.91355055,98.53654657
05/02/2020,99.00341877,99.8738255,99.31683912,100.1556475,101.6976433,98.83158443,99.4942625,100.131682,101.6282051,99.42745098,95.35066158,99.96023224
06/02/2020,99.01012223,100.4127517,99.49028755,100.4457179,102.5662051,99.21857557,99.8290956,100.5018151,101.9423077,99.8627451,94.56095393,100.4294918
07/02/2020,98.14314124,99.97516779,98.75728517,99.87618947,101.6520894,97.77852199,99.23616198,99.92170261,101.7179487,99.78431373,93.8444642,100.2226994
08/02/2020,,,,,,,,,,,,
09/02/2020,,,,,,,,,,,,
10/02/2020,98.3755279,100.3630872,98.89750593,100.4881673,102.7453839,97.5403736,99.58145862,99.99288206,101.8782051,99.9254902,93.02860729,100.1829317
11/02/2020,99.04363953,100.6275168,99.60525529,101.1107574,102.6390914,98.42226688,100.111611,100.4555484,102.4551282,99.70588235,93.94383139,100.7874016
12/02/2020,99.66706143,101.2214765,100.0438605,102.1896777,103.7323858,98.9655429,100.1430016,100.90042,102.2564103,99.50980392,95.04210031,101.1373578
13/02/2020,99.7586754,100.9892617,99.94617118,102.016343,103.4803207,98.57855176,99.74887517,100.3309844,102.9038462,99.52941176,94.18963443,101.0896365
14/02/2020,99.68493732,101.033557,100.0917084,101.6413739,103.8568999,98.24365558,99.69306965,100.1210051,103.7692308,99.88235294,93.59343131,101.1453114
15/02/2020,,,,,,,,,,,,
16/02/2020,,,,,,,,,,,,
17/02/2020,99.5508681,101.0181208,100.0013291,101.5670876,103.7718659,98.16179207,99.63726413,100.0177949,104.0576923,99.80784314,93.71894775,101.2089398
18/02/2020,99.10620517,100.6402685,99.59329333,101.3972903,103.2646987,97.62595818,99.46635974,99.28108762,104.8012821,99.57647059,92.97630877,100.3340492
19/02/2020,99.48606797,101.0771812,99.83651987,102.0234179,104.3276239,97.79712733,99.97558509,99.32379529,104.2884615,99.72156863,93.90722243,100.5965163
20/02/2020,99.39221952,100.5711409,99.62718555,101.8394708,103.2859572,97.65572672,99.32684594,99.01416471,104.0576923,99.32156863,93.75555672,100.2545136
21/02/2020,98.74645275,99.84295302,98.93339181,100.725176,101.2238824,97.51432611,99.40706637,98.67606235,104.2948718,99.47058824,92.67297735,99.6579973
22/02/2020,,,,,,,,,,,,
23/02/2020,,,,,,,,,,,,
24/02/2020,96.07847519,96.78120805,96.30707683,97.38229156,97.28802235,94.86120414,96.47727669,96.11360239,102.6217949,97.07058824,88.82380629,96.69927623
25/02/2020,93.36804237,94.24228188,93.73459067,95.00866674,94.29664723,92.25645605,93.87883227,93.20236316,100.5,95.51764706,85.9787668,94.04279011
26/02/2020,92.27761267,93.88255034,92.84276002,94.37900173,94.54871234,91.73550644,93.61375606,92.56174817,100.1858974,94.99215686,84.22153653,93.43036666
27/02/2020,89.37501397,90.40402685,89.97919948,90.87339488,90.0297619,88.61725087,91.09553207,89.90675493,96.97435897,91.91764706,80.70184614,90.12964289
28/02/2020,87.53379662,88.97986577,88.10781714,89.80508684,90.26360544,86.07203989,89.22953507,88.16641754,93.53205128,89.60392157,79.84938026,87.48111032
29/02/2020,,,,,,,,,,,,
01/03/2020,,,,,,,,,,,,
02/03/2020,89.40629678,92.10738255,90.21179316,92.16102444,94.75826045,88.18932797,92.65808657,89.79642679,97.59615385,92.98039216,81.88902254,89.77173308
03/03/2020,88.79404733,90.58657718,89.6210052,91.03257986,91.77903304,88.94470492,91.38851104,89.08107339,97.55769231,93.03529412,80.72276555,88.0378589
04/03/2020,90.30679508,93.37449664,91.51830512,92.97463653,95.14395044,90.70104934,95.38558125,91.12748238,102.0064103,96.18823529,81.93086136,89.39791617
05/03/2020,88.32480504,91.20939597,89.71138446,90.56209983,92.47145287,89.10843194,94.05671236,88.59705317,101.0384615,95.47058824,79.86506982,86.69370874
06/03/2020,86.41655308,89.46510067,87.71373698,89.02331175,90.54300292,86.83485897,93.0103589,87.06669514,99.50641026,94.39607843,76.00543905,84.10085103
07/03/2020,,,,,,,,,,,,
08/03/2020,,,,,,,,,,,,
09/03/2020,79.55891225,83.06845638,81.34399277,83.73837065,83.94375607,79.80203915,88.6331136,80.59292476,93.83333333,90.69411765,61.4664505,75.80529707
10/03/2020,80.7945836,85.60134228,82.80468111,86.30655488,88.59633139,80.87370693,90.44679293,82.38308776,92.92307692,91.30588235,63.22368077,78.22317665
11/03/2020,76.88199674,82.31744966,79.33172511,82.55332697,84.67565598,78.17593213,87.58676014,78.91664887,89.55769231,88.32156863,60.5407667,75.29626978
12/03/2020,68.75293276,74.20201342,71.23812942,74.48088012,76.38483965,69.80724864,80.52736214,70.9587871,79.47435897,80.36862745,51.82260342,66.44396723
13/03/2020,71.07456483,78.94630872,73.68567954,76.82974283,83.93768222,71.82406787,84.2872589,73.38244715,82.66666667,84.07058824,55.1801684,71.74103237
14/03/2020,,,,,,,,,,,,
15/03/2020,,,,,,,,,,,,
16/03/2020,63.58009519,71.46107383,66.58957847,69.36927376,73.36613217,66.99412071,78.09982212,67.38202007,75.78205128,79.92156863,48.81543852,63.81134176
17/03/2020,65.10624986,74.5738255,68.48887205,71.11323358,77.56316812,69.74399047,81.6748631,68.76646025,82.69871795,84.3254902,48.57486533,65.99061481
18/03/2020,59.87084665,70.90134228,64.27826179,67.51919063,73.93707483,65.57267247,78.8915629,64.4885757,79.41666667,82.47058824,42.10030856,60.93215621
19/03/2020,61.60927759,71.34161074,65.11294085,69.24546323,74.78134111,66.44712361,78.59858393,64.81956011,76.6474359,82.01960784,44.32299566,61.73546489
20/03/2020,60.61939982,69.42885906,63.84364388,68.68300966,72.16958212,65.51685644,75.9757246,63.62374546,72.52564103,78.76470588,45.66706762,60.94806331
21/03/2020,,,,,,,,,,,,
22/03/2020,,,,,,,,,,,,
23/03/2020,59.19603155,67.41543624,61.75561714,68.25497895,71.61989796,63.60050607,72.87154267,61.12890597,68.78846154,75.74117647,43.80524031,57.54394337
24/03/2020,64.33311733,73.2557047,67.52992152,74.07407407,78.78705053,70.17935551,77.63245091,67.14356894,74.75641026,79.01568627,51.23163014,64.27264774
25/03/2020,66.54525954,74.93892617,69.91168085,76.39463724,79.10592809,72.32641215,79.05897946,70.71321802,77.30128205,80.10196078,54.19695623,67.09615843
26/03/2020,69.78973477,78.70536913,73.37732677,78.77533694,83.63702624,74.6855697,83.60364131,74.42166702,82.28205128,84.04313725,56.4980911,70.38097511
27/03/2020,68.39764932,76.5885906,71.91530932,76.86157982,80.24477648,72.61293443,82.47009173,72.5959143,82.26282051,83.40392157,52.81104545,68.22556271
28/03/2020,,,,,,,,,,,,
29/03/2020,,,,,,,,,,,,
30/03/2020,69.13056108,78.54697987,72.90615842,77.58675581,83.22400389,74.26881,85.93352168,72.85571927,84.51282051,85.89019608,53.98776215,68.81412551
31/03/2020,69.14173352,77.81342282,72.15321943,76.5290601,81.82701652,73.94507703,85.72773883,72.29340167,82.49358974,84.94901961,56.17907013,67.74039609
01/04/2020,65.91513418,74.83020134,69.28035514,73.47624606,78.06729835,71.91337352,83.24090544,69.06897288,78.30769231,83.59607843,54.38000105,64.38399745
02/04/2020,65.91289969,75.92348993,69.24446925,73.15433867,79.2851069,72.43432314,84.61860416,69.23980354,79.58974359,84.89803922,58.11934522,64.90893184
03/04/2020,,,,,,,,,,,,
04/04/2020,,,,,,,,,,,,
05/04/2020,64.29513105,74.87785235,67.9479256,72.00466943,78.0308552,71.43707673,84.06054899,68.22549648,77.52564103,84.97647059,56.6183777,63.46138551
06/04/2020,68.16526266,79.26174497,72.07081481,77.01368991,84.4691448,75.16558756,87.78905514,72.14748381,81.84615385,87.6,58.54296323,67.40634693
07/04/2020,69.45009273,79.65234899,73.48897174,78.66921363,84.03486395,77.18240679,87.19612152,73.23297032,81.78205128,87.50196078,59.68830082,68.71072934
08/04/2020,71.70692468,81.48456376,75.54044804,80.49807209,86.38241011,78.4289648,89.77015102,74.87721546,84.48717949,88.19607843,61.52920872,70.24576473
09/04/2020,74.05537059,82.64563758,77.3473687,81.89889985,86.58892128,81.19371884,90.47469569,75.91287636,87.88461538,88.90588235,61.63903562,73.02950768
10/04/2020,74.17603289,82.69731544,77.40983672,81.89889985,86.61625364,81.30907197,90.53747689,76.00185067,87.96153846,88.89019608,61.62857591,73.12495029
11/04/2020,,,,,,,,,,,,
12/04/2020,,,,,,,,,,,,
18/04/2020,,,,,,,,,,,,
19/04/2020,,,,,,,,,,,,
20/04/2020,73.47440395,83.83355705,77.22509088,86.11553292,89.41933916,80.41973655,95.52858289,74.94483593,85.07051282,91.14509804,58.65801998,69.59357353
21/04/2020,71.57508994,81.19328859,75.04668488,83.59333546,85.75680272,77.93406266,93.03477381,72.80233469,83.41666667,88.81176471,57.00538675,67.1677404
22/04/2020,72.32140862,82.75369128,76.21364062,84.7748417,88.75728863,79.37783731,94.34620348,73.55327781,85.45512821,89.61960784,59.18100518,67.82788515
23/04/2020,73.38502447,82.94362416,76.78316288,85.23824684,88.32908163,80.55369502,94.85891668,74.30777991,84.60897436,89.07058824,60.9330056,68.07444524
24/04/2020,73.80063906,83.52214765,77.19186321,85.74763876,89.84754616,80.72486418,95.89131875,74.13694925,84.75,89.5372549,60.59306522,68.22556271
25/04/2020,,,,,,,,,,,,
26/04/2020,,,,,,,,,,,,
27/04/2020,76.08428485,84.8590604,79.1808715,87.45622413,90.84365889,82.4812086,97.29343239,76.09438394,85.89102564,89.93333333,61.67564458,70.55595323
28/04/2020,76.98925212,84.75503356,79.91387388,87.54466023,89.7989553,83.59380814,95.8250497,77.38629084,86.41666667,90.38823529,63.13477329,71.78080013
29/04/2020,79.64158827,86.70671141,81.9580401,89.50086667,93.21550049,85.49899531,96.03083255,78.89885401,86.51923077,90.29019608,67.10423095,74.19072616
30/04/2020,78.35452372,86.05234899,80.76981864,89.52916622,92.88751215,84.00684677,95.57741272,77.9664033,85.05769231,89.7372549,65.24763349,72.51252684
01/05/2020,76.24740241,84.03489933,78.89245533,86.33839188,90.38204568,82.44399792,93.99741899,76.20827105,83.66666667,88.88627451,62.00512525,70.50823193
02/05/2020,,,,,,,,,,,,
03/05/2020,,,,,,,,,,,,
04/05/2020,75.79380153,83.79395973,78.34619244,86.14029502,91.27490282,81.88955868,93.91022287,74.81315396,83.22435897,88.02745098,62.77914335,69.35496699
05/05/2020,76.4909615,84.60805369,79.34634529,86.68152393,92.63241011,82.67842524,95.60531548,75.52850737,84.03205128,88.17254902,64.05522724,69.63334129
06/05/2020,76.17589882,84.15637584,78.98615735,86.91145778,93.30357143,81.66257349,95.26001883,74.87009752,82.05128205,87.5372549,62.40782386,68.59937962
07/05/2020,77.13225929,84.86040268,80.07668946,87.7604443,94.82810982,83.06169532,95.08213875,75.45020998,82.15384615,87.54901961,63.60023011,69.49017736
08/05/2020,79.26619445,86.28926174,81.83443317,89.67066398,96.20383868,84.7398973,95.68902375,77.45391131,83.73076923,89.32941176,65.59280372,70.81046687
09/05/2020,,,,,,,,,,,,
10/05/2020,,,,,,,,,,,,
11/05/2020,78.92208344,86.2885906,81.546017,89.81569918,96.77478134,83.50450249,96.78769488,76.97345007,83.19230769,89.34901961,64.89200356,69.93557623
12/05/2020,77.27079749,85.18120805,80.44751025,88.40779653,95.08017493,82.76028875,96.20173695,75.86305075,83.00641026,89.43529412,64.00815857,68.69482224
13/05/2020,75.27540053,83.76711409,78.66384896,86.96451944,93.52830418,81.34256158,95.44836246,74.33981066,82.17948718,88.32941176,61.37754302,66.65075956
14/05/2020,74.84191004,83.9033557,78.33423048,87.04941809,94.24198251,81.20488204,95.5529978,73.79172895,82.00641026,87.24313725,61.05852204,67.00071582
15/05/2020,75.64185641,84.23892617,78.77549393,87.7604443,94.6701895,82.31748158,96.13546789,73.95544167,81.20512821,87.77647059,61.30432509,66.80983059
16/05/2020,,,,,,,,,,,,
17/05/2020,,,,,,,,,,,,
18/05/2020,78.91537997,86.67651007,81.67161759,90.49135095,96.95699708,85.81156508,97.33528653,77.58915225,84.1474359,89.46666667,65.23717379,69.60948063
19/05/2020,78.7388555,86.31677852,81.57193458,90.96183098,96.82033528,86.33995684,96.55400928,77.54644459,83.33974359,88.54117647,64.45269599,69.19589597
20/05/2020,80.29852747,87.59463087,82.81332031,92.09027557,98.93100097,87.24417653,97.12252799,78.7849669,84.01923077,89.28235294,66.3040636,70.30143959
21/05/2020,80.20244453,86.8,82.32287991,91.77898051,97.61297376,86.23948798,96.32729936,78.49669016,83.23076923,88.40392157,65.10642749,69.744691
22/05/2020,80.26054119,86.67516779,82.39730989,91.48183523,98.09584548,85.87854432,96.28544522,78.19417752,83.46153846,88.22745098,64.58344229,69.08454625
23/05/2020,,,,,,,,,,,,
24/05/2020,,,,,,,,,,,,
25/05/2020,80.80575604,87.05704698,82.96151571,91.93816548,98.36613217,86.40693607,96.77025566,79.01630009,83.8525641,88.54117647,64.80832592,69.52994512
26/05/2020,82.92628427,88.2557047,85.04289692,93.61491386,98.35702138,88.1037434,96.66213247,81.7389138,84.90384615,89.25882353,66.41389049,72.93406506
27/05/2020,84.15525216,89.24496644,85.72871602,94.75397078,98.71537901,88.30096004,96.61330264,83.23368211,85.62820513,90.05098039,67.12515036,75.51101567
28/05/2020,83.87370679,89.71006711,86.25105498,94.95206764,98.83381924,89.74473469,98.41651843,83.60381522,87.91025641,91.35686275,66.183777,75.23264137
29/05/2020,83.78209282,89.68926174,86.24175123,94.85301921,99.8845967,89.30564858,99.27452827,82.76033881,88.35897436,91.36862745,65.56665446,73.88849121
30/05/2020,,,,,,,,,,,,
31/05/2020,,,,,,,,,,,,
01/06/2020,84.88369495,90.28322148,87.26782166,95.93901447,100.173105,90.51871698,98.75135154,83.22656417,89.34615385,92.02745098,66.79043983,75.097431
02/06/2020,85.92720041,91.19597315,88.46734052,96.90119919,101.1752915,91.89923346,99.14547801,84.51135312,90.30128205,92.30980392,68.82485226,76.42567406
03/06/2020,87.86226622,92.57516779,90.39919722,98.62393435,102.1896259,93.58487758,99.11757525,87.18770019,91.90384615,93.07843137,70.74420794,79.38439513
04/06/2020,88.12593569,92.37651007,90.38657071,98.23835297,101.3757289,93.90116842,98.48278749,87.66460246,90.71794872,92.90980392,70.60300194,80.45812455
05/06/2020,90.31349854,94.40268456,92.26725679,100.286533,103.6868319,95.44913299,99.40706637,90.03487793,91.55128205,93.61568627,75.1059045,83.34526366
06/06/2020,,,,,,,,,,,,
07/06/2020,,,,,,,,,,,,
08/06/2020,91.78155654,95.22684564,93.44816816,101.3902154,104.0421526,95.62774429,99.82560776,91.0100363,93.26282051,94.16862745,77.22922441,84.62578541
09/06/2020,90.38723661,94.84765101,92.16425102,101.2876296,104.4582119,95.20354246,99.34079732,89.75371913,91.8974359,93.90588235,74.85487161,83.37707787
10/06/2020,88.8499095,94.64899329,91.18735754,101.3619159,106.0191934,95.11051574,99.56401939,88.45113531,91.41666667,94.05098039,72.14057842,81.3807365
11/06/2020,83.79773423,89.9557047,86.54146481,96.79861332,100.428207,90.3847585,95.22514039,83.74973308,88.1025641,91.28627451,66.38251137,76.00413585
12/06/2020,84.49712868,90.36375839,86.99535477,96.78446355,101.4212828,90.43685346,95.2181647,84.00597907,87.87820513,90.62745098,67.27158621,76.87107293
13/06/2020,,,,,,,,,,,,
14/06/2020,,,,,,,,,,,,
15/06/2020,85.14959891,90.62818792,87.41402341,96.95779829,102.2503644,90.41452705,95.42743539,83.96683038,88.19230769,90.87843137,67.04670258,77.06195816
16/06/2020,87.29694099,92.58322148,89.50205015,99.11917648,104.5766521,92.50576766,97.71546162,86.18051107,89.07051282,92.7372549,68.90852989,78.71629683
17/06/2020,86.62882935,92.55503356,89.34255733,99.26067424,104.8256803,92.33831957,98.14097869,85.96697274,89.02564103,93.0627451,67.37618325,78.08001273
18/06/2020,86.48358769,92.46241611,89.24420343,99.03074039,105.2629981,91.88434919,97.75034006,85.66801908,88.98076923,93.09411765,67.64290571,77.82549909
19/06/2020,86.11713181,92.21342282,88.82686391,98.69468322,104.7163508,91.68341148,98.72344878,85.06655278,87.58974359,93.08627451,67.00486376,77.38010021
20/06/2020,,,,,,,,,,,,
21/06/2020,,,,,,,,,,,,
22/06/2020,86.45230487,92.6147651,89.02556537,99.40924688,106.4443635,92.24529285,98.49673887,85.10570147,88.17307692,92.68235294,67.12515036,77.16535433
23/06/2020,87.19415458,93.41275168,89.56850549,100.7923874,107.3129252,93.24998139,99.23964982,85.70004983,88.17948718,93.05098039,67.78934156,78.03229142
24/06/2020,84.69599803,91.12483221,87.08839225,98.60270968,104.8894558,90.9317556,96.75979212,83.21232828,86.80128205,91.28235294,64.54683332,75.63031894
25/06/2020,85.03340558,91.72550336,87.38943493,98.58148502,106.079932,90.96152415,97.50967877,83.41163072,86.13461538,91.54509804,65.08550808,76.70404836
26/06/2020,83.89158269,90.10268456,86.4916233,97.01085995,104.4035471,90.50011163,96.51215514,82.72474909,85.39102564,90.57254902,63.41195544,74.62021793
27/06/2020,,,,,,,,,,,,
28/06/2020,,,,,,,,,,,,
29/06/2020,84.93061918,90.9557047,87.01728503,97.76433549,105.2144072,91.3596785,96.84698825,83.99886113,86.62820513,91.26666667,64.21735265,75.16901296
30/06/2020,85.82217952,92.00872483,88.06462117,99.25359935,107.0669339,92.50948873,97.86892679,84.55761976,86.96153846,91.69803922,64.72987814,75.98822874
01/07/2020,85.63671709,92.43557047,88.28990477,100.4563303,107.3098882,92.55786262,98.4758118,84.37255321,88.21794872,91.81960784,64.17551383,75.61441183
02/07/2020,86.07914553,93.11812081,88.95312905,101.5529378,107.9506803,93.62580933,99.13850232,85.09146558,88.8974359,92.45098039,64.79263637,76.3540921
03/07/2020,86.16405604,93.06174497,88.92455325,101.5034136,108.0417881,93.43231376,99.08967249,85.04163997,88.8525641,92.14901961,64.6043617,76.25864949
04/07/2020,,,,,,,,,,,,
05/07/2020,,,,,,,,,,,,
06/07/2020,87.2254374,94.6885906,90.22242602,104.7826241,109.9702381,94.9132991,100.2371735,86.5221724,88.59615385,93.07058824,65.13257675,77.8891275
07/07/2020,86.15288361,93.81073826,89.35385474,103.4100959,109.0409378,94.99516261,99.38962715,85.49362944,88.1025641,93.24705882,63.68390775,76.52111668
08/07/2020,86.37633231,94.24026846,89.56385361,104.000849,110.6353256,94.57840292,99.34428517,85.30500391,88.87820513,93.14901961,63.39626589,76.77563032
09/07/2020,85.32835788,93.78120805,88.89265469,104.598677,111.1698251,94.29188063,98.73740016,84.06292263,87.47435897,92.40392157,61.05329219,75.49510857
10/07/2020,85.99646951,94.61275168,89.43227204,105.7235841,111.1455296,95.12912108,98.54905654,84.74268631,88.78846154,93.70980392,62.2509283,77.13354013
11/07/2020,,,,,,,,,,,,
12/07/2020,,,,,,,,,,,,
13/07/2020,85.73503452,94.33154362,89.38508875,105.0762319,109.0682702,96.0779936,99.14547801,85.4865115,89.22435897,93.94509804,62.55948957,77.71414937
14/07/2020,86.20427681,95.05302013,89.98983233,105.1788178,109.9854227,97.20547741,100.2127585,86.16983415,89.60897436,94.52941176,64.26442132,78.02433787
15/07/2020,88.53037785,96.08053691,91.85058182,106.3673989,110.5776239,98.8353055,102.0055108,88.42266353,89.90384615,95.23921569,65.38360964,79.35258093
16/07/2020,88.00750788,95.65637584,91.48773567,105.8332449,109.2231535,98.69762596,101.5102368,88.30521745,90.75641026,95.02352941,65.20056482,79.28099897
17/07/2020,88.21308069,95.84966443,91.79343023,105.3981393,109.845724,99.26694947,102.7449339,88.45469428,92.17307692,95.29411765,64.33763924,78.70834328
18/07/2020,,,,,,,,,,,,
19/07/2020,,,,,,,,,,,,
20/07/2020,88.39407414,96.72281879,92.16624468,107.9875482,112.7308066,99.74696733,103.1390604,88.2482739,91.58333333,94.82352941,63.37534648,78.62880776
21/07/2020,89.48450383,97.02416107,92.79956405,107.8000637,111.8106171,100.4390861,103.1076698,89.05260161,92.12179487,95.63529412,66.41912034,79.99681858
22/07/2020,89.74146985,97.25704698,93.18035314,107.8778874,112.5607386,100.97492,103.4076244,89.44052958,92.91666667,95.95294118,65.44636787,79.87751531
23/07/2020,89.76381472,96.33489933,92.90456349,106.3214121,110.0249028,100.8707301,102.9018869,89.25902199,92.83333333,96.79607843,65.24240364,79.74230494
24/07/2020,88.9370545,95.66442953,92.13833343,106.0419541,108.6279155,100.6623502,101.6497506,88.61484803,92.21153846,96.50196078,65.01229015,79.209417
25/07/2020,,,,,,,,,,,,
26/07/2020,,,,,,,,,,,,
27/07/2020,89.86213215,96.50201342,92.93845571,107.4781563,110.4105928,102.5117214,102.5042726,89.26613994,91.81410256,97.21568627,65.1273469,79.00262467
28/07/2020,89.35490358,96.02684564,92.39817381,106.1586897,109.159378,101.5405224,102.5879809,88.70382234,92.75641026,97.55294118,64.36901836,78.74015748
29/07/2020,90.40064353,96.82684564,93.33054221,106.8095794,110.6626579,101.3098162,103.2611349,89.43341163,93.16025641,97.95294118,65.24240364,79.60709457
30/07/2020,89.79286305,96.18456376,92.63276115,106.4416852,110.9724247,99.73580412,102.6263472,88.49028401,92.46153846,97.51372549,62.98310758,78.01638432
31/07/2020,89.12251693,96.29865772,92.30380723,106.3673989,113.3017493,99.27439161,101.8032158,87.38344366,92.66666667,96.83137255,62.20908948,77.5948461
01/08/2020,,,,,,,,,,,,
02/08/2020,,,,,,,,,,,,
03/08/2020,90.20177418,97.09060403,93.09861308,106.6857689,115.837585,99.77301481,103.0100101,88.20556623,92.32051282,96.74117647,62.53857016,77.81754553
04/08/2020,90.99278261,97.61073826,93.66813533,107.8708126,116.1473518,100.8707301,102.5426389,88.79279664,92.89102564,97.64705882,64.40562732,78.09591983
05/08/2020,92.50999933,98.35838926,94.69154755,109.3530015,116.7486638,102.9991814,102.9263018,90.39789309,92.31410256,97.74509804,65.46205742,79.14578859
06/08/2020,92.26420575,98.62348993,94.34664434,109.4980367,117.9907677,102.4075314,102.2322207,90.48330842,92.28846154,97.15686275,64.91292296,78.92308916
07/08/2020,92.6016133,98.41879195,94.39449218,109.1089179,116.1594995,101.6558756,102.3473196,91.25204641,93.30128205,97.04313725,64.4840751,79.66276943
08/08/2020,,,,,,,,,,,,
09/08/2020,,,,,,,,,,,,
10/08/2020,92.99711751,98.59865772,94.71547147,109.3954508,115.5703353,102.2586887,101.9462174,92.47633284,93.3974359,97.36470588,66.0634904,80.31496063
11/08/2020,93.14906263,98.44496644,95.13480465,109.7810322,113.9607629,102.3145047,101.7439224,93.72909104,92.40384615,97.16470588,66.7067622,81.69887855
12/08/2020,93.64288428,99.91208054,95.84720589,111.8893488,116.2931244,103.1777927,103.3448432,94.38750089,93.89102564,98.56862745,67.36572355,82.10450966
13/08/2020,93.79929837,99.80268456,95.96948371,112.3527539,116.5998542,103.2187244,103.2715985,94.24870098,93.48076923,98.54509804,66.08440981,81.50799332
14/08/2020,93.54009787,99.57181208,95.65714362,112.1617319,116.3386783,102.7833594,102.8704963,93.99245498,92.62179487,98.27843137,66.02688144,81.46027201
15/08/2020,,,,,,,,,,,,
16/08/2020,,,,,,,,,,,,
17/08/2020,93.90878824,99.98993289,95.99872406,113.7748063,117.2254616,104.0001488,103.6587493,93.93551142,92.55769231,98.77254902,65.74969928,80.72059174
18/08/2020,93.55350479,100.2637584,95.97413558,115.087198,117.6931487,104.0261963,103.7145548,93.81806534,92.17307692,99.14901961,65.0070603,80.35472839
19/08/2020,93.47306326,100.0885906,95.62790327,114.4964449,117.422862,103.6205998,103.529699,93.80738843,91.96794872,99.02745098,64.66189007,80.61719558
20/08/2020,92.86975175,99.96174497,94.9374323,114.425696,118.6953353,102.3628786,102.9995466,93.01017866,90.98076923,98.34117647,63.32304796,79.55141971
21/08/2020,92.5502201,100.1395973,94.78591413,114.8608016,119.8281098,101.8307658,102.8391057,93.09559399,90.95512821,98.16078431,62.85236128,79.29690607
22/08/2020,,,,,,,,,,,,
23/08/2020,,,,,,,,,,,,
24/08/2020,93.54233236,101.1798658,95.79204795,116.0458453,120.7786686,103.3452408,102.6716892,94.5263008,92.07051282,99.16862745,64.54160347,80.83194146
25/08/2020,93.64288428,101.4503356,95.90701569,116.5976865,121.4589407,102.8577808,103.0902305,94.57256744,91.40384615,98.88235294,63.6891376,81.11826931
26/08/2020,93.76578106,102.5100671,96.3602411,118.4760692,123.9097425,104.0410806,103.125109,94.89999288,90.60897436,99.10980392,62.84713143,81.22166547
27/08/2020,93.74567068,102.3993289,96.09907162,117.9843645,123.6576774,103.2261666,103.2995012,94.76119297,90.31410256,99.33333333,62.75822394,81.66706434
28/08/2020,94.45400308,102.9778523,96.70913163,118.3487212,124.6963071,104.1341073,103.3657703,95.40180796,90.67307692,99.70588235,63.53747189,82.43060527
29/08/2020,,,,,,,,,,,,
30/08/2020,,,,,,,,,,,,
31/08/2020,94.09871964,102.9510067,96.50843651,119.2578443,125.2186589,103.7992111,103.7808238,94.83237241,91.08974359,99.51764706,62.70592542,81.59548238
01/09/2020,94.50092731,103.4489933,96.94172531,119.7530864,127.8790087,104.8783211,103.0030344,95.28792085,90.31410256,99.29019608,62.26661785,81.42050426
02/09/2020,95.08636293,104.5805369,97.97045396,120.4817999,128.7627551,106.1248791,104.743469,96.39832017,92.27564103,100.7607843,61.92144762,81.93748509
03/09/2020,92.9814761,101.6053691,95.83258571,116.9655807,121.6927843,103.9815435,102.2531478,94.60103922,91.28205128,99.56862745,61.57104754,81.00691959
04/09/2020,92.15024691,100.5409396,94.63971238,115.6673388,119.6762634,103.5573417,101.0498413,94.14193181,90.1025641,98.6627451,61.04806234,80.94329118
05/09/2020,,,,,,,,,,,,
06/09/2020,,,,,,,,,,,,
07/09/2020,92.54798561,100.866443,95.11486805,115.9361845,119.7825559,104.4615614,101.5904573,94.82525447,90.73717949,98.90196078,61.4559908,81.3648294
08/09/2020,91.21176234,98.47785235,93.69936934,112.8727581,114.8931001,103.4866414,100.3348331,93.53334757,89.8525641,97.61176471,59.31698133,79.77411914
09/09/2020,92.01170871,100.2228188,94.77129395,114.8820262,118.3946793,105.3546178,101.8450699,94.69001352,91.03846154,99.14509804,59.83996653,80.42631035
10/09/2020,91.44191451,99.05302013,94.15791118,114.0365772,116.1686103,105.0532113,100.7568623,94.17752153,89.98717949,98.45490196,58.60049161,79.79002625
11/09/2020,91.1491967,99.07114094,94.1532593,113.8526301,115.324344,105.8011461,101.1963308,94.89287494,90.09615385,98.81568627,58.4488259,79.93319017
12/09/2020,,,,,,,,,,,,
13/09/2020,,,,,,,,,,,,
14/09/2020,92.98817956,100.2080537,95.49499259,115.4657045,117.59293,107.1965468,102.3856859,95.99971528,90.83333333,99.19607843,58.48020501,80.7444524
15/09/2020,93.18704891,100.7322148,95.76347216,116.8559199,118.6406706,107.6988911,102.8914234,96.0744537,91.32051282,99.16470588,58.34945871,80.02863278
16/09/2020,93.92219516,100.4100671,96.25391256,116.1024444,117.0948737,108.0784401,102.9472289,96.70795074,91.16666667,99.03921569,59.67784112,80.51379941
17/09/2020,93.48200121,99.53020134,95.68239665,114.3514097,116.0987609,107.5798169,102.7100555,96.58694569,90.3525641,98.4745098,59.3745097,79.66276943
18/09/2020,93.21833173,98.83691275,95.27967729,113.6120839,114.7776968,107.1630572,102.9507168,96.10292548,89.44230769,97.88235294,58.68416924,79.37644158
19/09/2020,,,,,,,,,,,,
20/09/2020,,,,,,,,,,,,
21/09/2020,90.67325096,97.34228188,93.17038484,111.97071,115.3850826,103.304309,100.9417181,93.13118371,88.30769231,96.62352941,56.62360755,76.9426549
22/09/2020,91.01289299,97.96912752,93.49933877,113.4882734,117.1556122,102.9842971,100.7324474,93.50843476,88.54487179,97.16078431,56.67590607,76.29841724
23/09/2020,89.54706947,96.31610738,92.3470032,111.4188687,113.9850583,101.3395847,100.111611,92.80375827,87.98717949,96.48235294,54.94482506,75.28831623
24/09/2020,88.98621321,96.16107383,91.81070861,111.1712477,114.2674927,101.0605046,99.31987025,92.29482525,88.24358974,96.36078431,54.48982794,74.98608129
25/09/2020,89.96268407,97.28120805,92.82215887,112.6215996,116.7729592,101.3247005,100.4708591,93.08491708,89.30128205,96.6627451,54.34339208,75.45534081
26/09/2020,,,,,,,,,,,,
27/09/2020,,,,,,,,,,,,
28/09/2020,91.94243961,98.8885906,94.62841497,115.1119601,118.8836249,102.816849,101.3742109,94.90711083,89.83333333,98.00392157,55.32660426,77.38805377
29/09/2020,91.74803924,98.58993289,94.4370236,114.6556298,118.8198494,102.8391754,101.349796,94.72560325,90.00641026,97.61960784,54.09758904,76.55293088
30/09/2020,91.91115679,98.96912752,94.44433369,114.8855637,119.5153061,102.6866116,102.2357086,94.10634209,90.40384615,98.08627451,53.81517703,76.90288714
01/10/2020,92.86304829,99.46711409,95.12616546,116.5729244,120.8302964,102.493116,101.8694848,94.06363442,91.44230769,98.4745098,52.45541551,77.11763302
02/10/2020,92.97477264,98.57785235,95.18132339,115.1119601,118.1608358,102.5563742,101.0184507,94.41953164,92.20512821,98.19215686,52.59662152,77.53917124
03/10/2020,,,,,,,,,,,,
04/10/2020,,,,,,,,,,,,
05/10/2020,95.03273524,100.2657718,96.97096566,116.9868053,120.7027454,104.3052765,102.8949112,96.00683323,93.12820513,98.97254902,54.02960096,79.01853177
06/10/2020,94.98804549,99.29261745,96.62207513,115.3843433,119.0962099,103.3489618,101.775313,95.56196171,93.66025641,98.43137255,53.8727054,78.97081047
07/10/2020,95.93323353,100.4442953,97.54314613,117.4714351,121.0519922,104.7815733,102.8181786,96.65456616,94.28846154,98.86666667,54.09235919,79.65481588
08/10/2020,96.97673899,101.1369128,98.55060906,117.7898051,121.6806365,105.7006772,103.5436504,97.21332479,95.48717949,99.3372549,55.80252079,80.51379941
09/10/2020,97.67613344,102.0416107,99.10617569,119.3462804,123.5635326,106.7574607,104.5830281,97.6475194,95.49358974,100.2117647,55.62993567,80.54561362
10/10/2020,,,,,,,,,,,,
11/10/2020,,,,,,,,,,,,
12/10/2020,98.21687932,103.4248322,99.70028642,121.1857512,126.4941691,106.8951403,105.2282794,98.06391914,96.38461538,101.1254902,55.54102819,81.20575837
13/10/2020,97.47056063,102.8590604,99.11215668,121.2317379,125.9900389,105.9499888,104.5341983,97.34144779,95.75,100.8980392,54.74609069,79.97295793
14/10/2020,97.24934641,102.3577181,98.98655608,120.283703,125.3158406,106.2179058,103.9412647,97.68666809,95.94230769,100.6588235,54.86114743,79.43211644
15/10/2020,97.03036668,101.5825503,98.45757159,119.5443772,124.5900146,105.0532113,102.6612256,97.06740693,95.05128205,99.74509804,54.52120705,79.09806729
16/10/2020,96.86948361,101.7912752,98.46355257,119.1658707,124.3258017,105.5592766,103.575041,97.62260659,95.90384615,100.0588235,54.07143978,79.42416289
17/10/2020,,,,,,,,,,,,
18/10/2020,,,,,,,,,,,,
19/10/2020,96.50973119,100.7489933,98.08276348,118.1612367,122.5461613,105.0606534,102.518224,97.2631504,95.44230769,99.27058824,53.44908739,79.03443888
20/10/2020,96.56559337,100.9624161,98.26485111,118.522056,122.7040816,104.9192528,102.3926616,97.57633995,95.83333333,99.37254902,53.67920088,79.32872027
21/10/2020,96.26840659,100.747651,98.12595945,118.0869504,122.3760933,105.3322914,101.7788009,96.87166346,95.54487179,99.21568627,52.88949323,79.27304541
22/10/2020,96.81138695,100.8590604,98.35722403,117.9525275,121.6654519,105.0160006,102.5356632,96.87166346,96.00641026,98.8,54.07143978,80.02067923
23/10/2020,97.24934641,101.2107383,98.97260046,118.6883158,121.5834548,105.2094962,102.8216665,97.44465798,96.45512821,99.00784314,54.11327859,80.57742782
24/10/2020,,,,,,,,,,,,
25/10/2020,,,,,,,,,,,,
26/10/2020,95.45058432,99.5704698,97.09988902,117.2096643,118.7682216,103.4084989,101.9218025,95.41960282,96.15384615,98.00784314,52.50248418,79.11397439
27/10/2020,94.75118986,99.26375839,96.53967051,117.4749726,119.3664966,102.6940537,101.4683827,94.08142928,95.85897436,97.78431373,51.70754668,77.80163843
28/10/2020,92.26644024,96.03825503,93.99177283,113.9021543,114.6622935,99.41579222,98.56300792,91.44067193,92.88461538,95.18431373,49.76204173,75.75757576
29/10/2020,92.57479945,96.60536913,94.09411405,114.5671937,116.2809767,99.78417802,97.73987653,91.74674354,92.58974359,94.63921569,50.46807175,75.75757576
30/10/2020,91.85082564,95.4738255,93.40164942,111.7124766,113.3260447,99.82510977,97.19577273,91.49049754,92.03846154,94.13333333,50.87600021,75.85301837
31/10/2020,,,,,,,,,,,,
01/11/2020,,,,,,,,,,,,
02/11/2020,93.0507452,96.61946309,94.94341328,112.5579256,113.5750729,101.9684453,98.79669352,93.76112179,93.79487179,95.50196078,52.46587522,77.24488984
03/11/2020,95.2293701,98.55302013,97.00884521,115.055361,115.7039602,104.2085287,100.4324928,96.24172539,95.52564103,97.25490196,53.0673082,79.4718842
04/11/2020,96.01814404,100.6852349,98.13194043,117.8676289,120.1166181,103.5573417,104.7713718,96.43390989,94.99358974,97.9372549,53.13529627,79.09806729
05/11/2020,98.40234174,102.7315436,100.3375931,120.8567689,123.9006317,106.7016447,105.6642601,98.68673927,96.33974359,98.78823529,53.15098583,80.82398791
06/11/2020,98.12303086,102.8583893,100.5695223,120.8567689,124.4533528,107.5909801,105.6712357,99.10669799,96.28205128,99.2,52.40311699,80.56152072
07/11/2020,,,,,,,,,,,,
08/11/2020,,,,,,,,,,,,
09/11/2020,100.5251045,104.1456376,102.0999887,120.5879232,123.1899903,108.7519536,105.845628,101.8898142,97.8525641,99.57254902,58.86198421,85.82677165
10/11/2020,101.3496302,104.3154362,102.5060308,119.6646503,120.806001,109.5482623,105.8700429,103.4664389,98.97435897,101.1647059,60.93823545,87.43338901
11/11/2020,101.6892722,105.2449664,103.1227364,121.3024868,123.8247085,109.1240604,106.2746329,103.2315467,99.87179487,102.0313725,60.77088018,87.29817864
12/11/2020,100.7373807,104.4389262,102.4203034,120.2235665,122.9561467,107.963087,106.0862893,102.551783,98.58974359,101.9333333,58.98750065,86.00970333
13/11/2020,101.894845,105.2463087,103.3739375,121.0584032,123.7032313,108.614274,106.9442991,103.4094953,99.20512821,102.4156863,60.05962031,86.90050107
14/11/2020,,,,,,,,,,,,
15/11/2020,,,,,,,,,,,,
16/11/2020,103.9259938,106.504698,105.0997827,122.5582794,124.9301506,110.3892238,106.9582505,105.4381095,99.85897436,103.2901961,63.37534648,89.03205281
17/11/2020,104.1896633,106.3342282,105.1861746,123.0322969,124.5535714,110.2254968,106.1316313,105.6053812,98.66666667,102.9607843,63.9610899,89.38200907
18/11/2020,103.6265725,105.7026846,104.5947221,123.3329796,123.460277,110.0096748,104.7643961,105.3064275,97.65384615,102.2196078,63.08770462,89.37405552
19/11/2020,103.9036489,105.790604,104.8884547,123.6654993,124.5110544,109.4068617,104.5830281,105.3455762,96.92948718,101.8156863,63.07724491,89.15135608
20/11/2020,104.2924497,105.452349,105.0140553,123.3860412,123.672862,109.8757163,104.6597607,105.0822123,97.34615385,101.4117647,63.21845092,88.94456375
21/11/2020,,,,,,,,,,,,
22/11/2020,,,,,,,,,,,,
23/11/2020,105.3605345,105.7120805,105.4274075,124.3093141,123.5210155,110.0989804,104.1017056,105.7477401,96.98717949,100.7764706,66.54986664,89.86717569
24/11/2020,106.9067995,107.4577181,106.7292676,126.5379037,125.0182216,112.5548858,104.4051481,107.3492775,97.98717949,101.3215686,70.04863762,92.63501153
25/11/2020,106.661006,107.5677852,106.7937293,127.4187272,125.5770165,112.4469748,104.2168044,106.900847,98.33333333,101.7411765,69.05496574,92.46798696
26/11/2020,106.7526199,107.5825503,106.8395835,127.3267537,125.7653061,112.5362804,104.4644414,106.7940779,98.16025641,101.8666667,68.72548507,92.22142687
27/11/2020,107.4743593,108.0342282,107.3958146,127.8856698,126.7158649,113.165141,105.5700882,106.9577906,97.98717949,101.9764706,68.51106114,92.18961266
28/11/2020,,,,,,,,,,,,
29/11/2020,,,,,,,,,,,,
30/11/2020,105.885639,107.2651007,106.6847425,126.428243,127.4568756,112.1790578,105.7967982,105.8046836,96.66025641,101.4862745,65.20579468,90.38415653
01/12/2020,107.0676826,108.3731544,107.5838833,128.0873041,128.7384597,113.8758651,106.2990478,106.1570219,97.08333333,101.8745098,65.83337692,91.97486678
02/12/2020,107.1302483,108.652349,107.4150867,127.2772295,128.5319485,113.8237702,106.9617383,106.2282013,97.5,101.4039216,67.49646985,92.78612901
03/12/2020,108.1357674,108.8510067,108.2477721,128.3561498,128.638241,114.6758949,106.8431516,106.6837497,96.98717949,101.7098039,68.19204017,93.11222461
04/12/2020,109.6105289,109.5798658,109.173495,128.3915243,129.8013848,115.9187319,107.7255764,107.4346929,96.26282051,102.2588235,71.01093039,93.92348684
05/12/2020,,,,,,,,,,,,
06/12/2020,,,,,,,,,,,,
07/12/2020,109.1457556,109.4449664,108.9109964,128.7417312,130.1931487,115.8591948,107.2268146,106.9862624,96.38461538,102.0431373,69.91789132,93.16789947
08/12/2020,109.7244877,109.6597315,109.3695382,128.7417312,130.7337221,116.1680435,107.8720659,107.3208058,96.31410256,102.4588235,70.43564667,93.02473554
09/12/2020,109.597122,109.0053691,109.0213122,127.9776434,128.3072157,116.2796755,107.6035018,107.54858,96.31410256,102.4862745,70.45656608,93.13608526
10/12/2020,109.9568744,109.033557,109.1415964,128.2040398,128.5805394,115.9857111,107.6139653,106.7869599,96.12179487,102.3686275,72.26609487,93.0645033
11/12/2020,109.5300874,108.7456376,108.9163128,127.6946478,128.3193635,115.5131354,107.1814726,106.8901701,95.80128205,102.4352941,71.28811255,92.14189135
12/12/2020,,,,,,,,,,,,
13/12/2020,,,,,,,,,,,,
14/12/2020,109.7311912,108.6147651,108.9521987,128.97874,128.8629738,114.8842748,106.5292456,106.4239448,95.79487179,102.254902,69.52042257,91.89533127
15/12/2020,111.4070565,109.604698,110.05137,130.0435106,130.8126822,116.1308328,107.1186914,107.3528365,96.72435897,102.2078431,70.41995712,92.96110713
16/12/2020,111.5902845,110.0791946,110.4334882,131.0410697,131.9697522,116.6927141,107.2582052,107.2531853,96.50641026,102.8196078,70.388578,93.31106339
17/12/2020,112.8505352,110.866443,111.4901281,132.4100605,133.3788873,118.2853315,108.3289735,107.8475336,97.26282051,103.2941176,70.247372,93.73260161
18/12/2020,112.3611825,110.4879195,111.2475661,132.2402632,132.9749757,118.199747,108.3917547,107.7692362,96.58333333,103.3019608,69.30599864,92.81794321
19/12/2020,,,,,,,,,,,,
20/12/2020,,,,,,,,,,,,
21/12/2020,111.7332916,109.6087248,110.3344697,130.995083,132.9172741,117.2769219,107.0942764,106.8047548,95.01282051,101.8235294,67.31865488,92.50775471
22/12/2020,112.0528233,109.4892617,110.4567475,130.6307262,134.2565598,116.4434025,106.9163964,106.4702114,95.27564103,101.5568627,66.51325767,92.01463453
23/12/2020,113.308605,109.7724832,111.1100035,130.8854222,133.175413,117.1690109,107.0210317,107.1250623,95.93589744,102.0392157,68.08221327,93.55762348
24/12/2020,113.5231158,110.1114094,111.3166796,131.0516821,134.0257532,117.604376,107.150082,107.3065699,96.30769231,102.372549,67.86778934,93.78032291
25/12/2020,113.5923849,110.1134228,111.3618693,131.0693693,134.0530855,117.7085659,107.1186914,107.3528365,96.31410256,102.4,67.87301919,93.79623002
26/12/2020,,,,,,,,,,,,
27/12/2020,,,,,,,,,,,,
28/12/2020,113.4091569,111.0114094,111.2515534,132.4489724,135.1129738,117.768103,107.463988,107.8866823,97.20512821,103.1098039,67.64813556,94.19390758
29/12/2020,113.0628114,111.2469799,111.4163626,133.2307475,134.5693635,118.2853315,108.2836315,108.1108976,97.44871795,103.8313725,67.48078029,94.23367534
30/12/2020,113.8448819,111.3275168,111.9699356,133.6163288,134.6361759,119.1188509,108.3882669,108.3351128,97.75641026,103.7960784,68.04560431,94.59158514
31/12/2020,113.57004,111.5355705,111.9234169,133.3085712,134.7029883,118.6537173,108.970737,108.2959641,98.30769231,103.7843137,67.53830867,94.98130915
01/01/2021,113.57004,111.5355705,111.9234169,133.3085712,134.7029883,118.6537173,108.970737,108.2959641,98.30769231,103.7843137,67.53830867,94.98130915
02/01/2021,,,,,,,,,,,,
03/01/2021,,,,,,,,,,,,
04/01/2021,112.7410453,110.6966443,111.1392439,132.3003997,132.7229106,120.149587,108.8765652,107.288775,97.62820513,103.4980392,67.45463103,94.37683926
05/01/2021,113.9990615,111.2375839,111.949999,133.0750999,133.7008017,121.3514921,109.2113983,107.7799132,97.3974359,103.3294118,70.47225564,94.59158514
06/01/2021,116.5441423,111.7241611,113.3216372,133.2838091,131.4079203,124.3432314,110.0973109,109.4739839,99.84615385,103.1843137,72.61649495,97.80481985
07/01/2021,118.0390141,113.1738255,114.7065665,135.084368,134.6635083,126.2409764,111.1366886,110.6769165,99.17948718,102.945098,73.72522358,99.0535274
08/01/2021,118.240118,113.9946309,115.3631452,137.4686052,136.0999757,125.9321277,111.8691361,111.1929675,100.2371795,103.427451,73.68861461,99.17283067
09/01/2021,,,,,,,,,,,,
10/01/2021,,,,,,,,,,,,
11/01/2021,117.6278685,112.9765101,114.6587186,135.2011037,134.7363946,124.6074273,112.162115,110.4277885,98.95512821,102.1490196,73.82459076,98.79106021
12/01/2021,119.0087815,113.0530201,115.3505187,136.4922707,134.5511419,125.3962938,111.4331555,111.0470496,98.37820513,101.7137255,75.68641807,99.80911477
13/01/2021,118.6736085,113.333557,115.3133037,136.6196187,135.3255588,124.7860386,111.7226466,110.7979216,99.57692308,101.9137255,75.53475237,99.65004374
14/01/2021,120.0612249,113.1590604,115.7326369,136.311861,134.5359572,124.7897596,111.6528897,111.0256958,99.16666667,101.7098039,77.29721249,100.1670246
15/01/2021,118.4412218,112.252349,114.4779601,134.6598748,133.2118562,122.5496763,111.914478,109.4704249,99.28205128,101.3254902,74.88102087,98.82287441
16/01/2021,,,,,,,,,,,,
17/01/2021,,,,,,,,,,,,
18/01/2021,118.5350703,112.1872483,114.4753019,134.8332095,133.2543732,122.2705961,111.8900631,109.3600968,98.94230769,101.1843137,74.55154019,98.79106021
19/01/2021,119.4958997,112.9892617,115.1916904,135.3249142,134.8335763,122.6278187,112.8701475,109.7444658,99.03205128,101.0039216,75.759636,99.21259843
20/01/2021,120.3338324,114.2751678,115.9891545,137.9284729,137.3147473,123.7180918,113.3026403,110.3174603,99.37179487,101.0705882,76.19894357,99.01375964
21/01/2021,120.0277076,114.4946309,115.9114017,138.7774594,138.9152089,123.4390117,112.9678072,110.2106912,99.05769231,101.0392157,74.34234611,98.58426788
22/01/2021,120.1729493,114.0912752,115.4621637,138.328204,138.5386297,122.4306021,112.9468801,109.7800555,99.05128205,100.8901961,73.59447728,97.52644556
23/01/2021,,,,,,,,,,,,
24/01/2021,,,,,,,,,,,,
25/01/2021,119.6076241,114.2456376,114.9989699,137.9992218,139.4041545,121.775694,113.7525723,108.9757278,99.91666667,101.5568627,72.54850688,96.63564782
26/01/2021,119.3283132,114.2489933,114.3065053,137.9921469,139.1186832,121.4817296,113.3654215,108.3315538,99.45512821,102.2941176,71.93138434,96.47657679
27/01/2021,117.198847,111.7020134,112.1766117,134.5855885,136.4492225,118.0732306,110.4670224,106.4061499,97.13461538,101.1215686,70.91679305,94.29730375
28/01/2021,117.464751,112.3375839,113.0239173,135.0419187,137.0232021,119.0109399,111.2448118,107.3243647,98.06410256,101.2627451,71.19920506,95.15628728
29/01/2021,115.8760307,110.2268456,111.3970906,132.5303336,133.9133868,117.0945896,110.0624324,105.2921916,97.14102564,99.32156863,69.37398672,93.3746918
30/01/2021,,,,,,,,,,,,
31/01/2021,,,,,,,,,,,,
01/02/2021,117.7731102,111.7107383,112.9847086,135.4204252,137.1446793,118.5011535,110.4426075,106.3776781,97.58974359,99.52941176,69.39490612,94.22572178
02/02/2021,119.0735817,113.1241611,114.3995428,137.9390852,139.1217201,118.9923346,110.7495379,108.3600256,98.01923077,100.1647059,69.7348465,96.08685278
03/02/2021,119.7573347,113.3402685,114.8055849,137.730376,138.6479592,119.2528094,110.1879948,108.6376255,98.29487179,100.2784314,71.74833952,96.69132268
04/02/2021,120.8790472,114.1711409,115.5618467,138.9649439,140.5885569,118.6499963,110.6100241,108.9330201,98.40384615,100.1803922,71.90000523,98.17863676
05/02/2021,122.2532568,114.7630872,116.5287718,140.5709434,140.6067784,119.9746967,110.9762478,109.5593992,98.70512821,100.7019608,72.62172481,98.78310666
06/02/2021,,,,,,,,,,,,
07/02/2021,,,,,,,,,,,,
08/02/2021,124.3849574,115.6315436,117.7681639,141.1687714,142.2376093,121.7608097,111.2971295,110.7160652,98.01923077,101.0980392,74.75027457,99.86478963
09/02/2021,124.7603513,115.709396,118.0399662,140.8044147,142.4107143,121.5970827,111.6494018,110.9046907,97.69871795,101.3647059,74.10177292,100.0397678
10/02/2021,124.5726543,115.7651007,118.2891738,139.9731154,142.2649417,122.0882637,111.7052074,110.8014805,98.03205128,101.2980392,75.04837613,100.3340492
11/02/2021,124.8385583,115.9939597,118.7523675,139.969578,143.7773324,122.2482697,111.9040145,110.9580753,97.79487179,101.0156863,74.19591026,100.2863278
12/02/2021,125.1335106,116.4671141,119.2973012,140.249036,144.5699708,122.5720027,112.6887796,111.637839,97.20512821,101.2039216,75.05360598,100.8589835
13/02/2021,,,,,,,,,,,,
14/02/2021,,,,,,,,,,,,
15/02/2021,125.6608496,116.9020134,119.8163174,140.7372033,144.7096696,123.9562402,112.9294409,111.9901772,97.34615385,101.6313725,76.27739135,101.5827567
16/02/2021,125.3480214,116.8651007,119.6242615,140.1995118,144.2419825,124.0976408,112.0086499,111.9439106,96.25641026,101.3607843,77.26583338,102.7439752
17/02/2021,124.1458673,116.4536913,118.6566718,140.1004634,142.4137512,123.1115576,111.7714764,111.2677059,96.10897436,101.0941176,77.91433502,102.640579
18/02/2021,122.5124573,115.9610738,117.8718342,140.2065867,141.8701409,122.482697,111.1157616,110.6235319,96.17948718,100.8666667,76.47612573,101.9804343
19/02/2021,124.3089849,115.8791946,119.150435,139.7254944,142.1404276,124.1274094,110.1635799,111.8229055,95.39102564,100.0470588,77.41226923,103.1814205
20/02/2021,,,,,,,,,,,,
21/02/2021,,,,,,,,,,,,
22/02/2021,124.1302259,115.1483221,118.2346804,137.514592,138.9820214,125.1767508,109.3788148,111.8193466,93.85897436,99.83529412,79.51989959,103.881333
23/02/2021,123.7213148,115.2375839,118.0658838,136.9804379,138.1924198,125.187914,108.925395,111.9474696,94.36538462,99.86666667,80.60247895,104.5653384
24/02/2021,125.2050142,115.7838926,118.616134,136.9521384,139.3859329,125.459552,109.1555928,112.6841768,93.61538462,99.48627451,82.80947649,105.7026963
25/02/2021,122.8990235,114.0422819,116.8391183,133.9134741,135.1554908,124.8753442,108.2103868,111.897644,93.11538462,98.81568627,82.30218085,105.0664122
26/02/2021,121.5695037,112.6563758,115.466151,133.4076197,135.4136297,121.1431123,106.947787,109.9010606,91.28846154,96.67843137,79.79185189,102.5849042
27/02/2021,,,,,,,,,,,,
28/02/2021,,,,,,,,,,,,
01/03/2021,124.4698679,115.0080537,117.8419293,136.1703633,139.5590379,123.3162164,108.2557288,112.3425155,92.54487179,97.70196078,81.3817269,104.8437127
02/03/2021,123.1939758,114.357047,117.2504768,134.8650465,137.4088921,124.1720622,108.0185553,112.1111823,92.1474359,97.69019608,81.29281941,104.9471089
03/03/2021,122.6375885,113.2469799,116.1885205,132.9831264,133.8374636,124.2018308,106.4141467,112.2357463,90.83333333,97.32941176,82.37539878,105.9094886
04/03/2021,120.2936116,111.9100671,114.1197658,130.5210655,130.4603984,121.5449877,104.9178613,110.616414,91.1474359,97.39215686,84.06464097,105.0902728
05/03/2021,121.1896409,112.8939597,114.6992564,130.485691,132.148931,121.504056,105.800286,111.1965264,91.57051282,98.35686275,85.94215784,105.6311143
06/03/2021,,,,,,,,,,,,
07/03/2021,,,,,,,,,,,,
08/03/2021,121.7572006,112.5536913,114.9212172,130.4644664,129.0907434,123.345985,105.6851871,112.2072745,92.69230769,98.54901961,86.05721458,107.0945677
09/03/2021,123.3772038,114.2275168,116.3088047,134.391029,133.5793246,123.617623,106.7559555,112.8763613,94.16025641,99.05098039,85.17859945,106.8957289
10/03/2021,124.5011508,114.7711409,116.9554151,135.0242315,132.9962342,124.1534569,107.1814726,113.9689658,94.79487179,100.0627451,86.83123268,107.8819693
11/03/2021,126.704355,115.9409396,118.7450574,137.1502352,136.0726433,125.5228102,107.8476509,114.7163499,95.30128205,100.0117647,87.39605669,107.9615048
12/03/2021,127.2518043,115.9449664,119.0068914,137.1183982,135.1190476,125.8502642,107.711625,115.5776212,95.78205128,100.345098,87.79352544,108.6375567
13/03/2021,,,,,,,,,,,,
14/03/2021,,,,,,,,,,,,
15/03/2021,128.0539852,116.4966443,119.8887538,138.4414022,136.601069,125.407457,108.5626591,116.0224927,96.67948718,100.7529412,86.77893416,108.3432753
16/03/2021,127.2875561,116.6711409,119.4800534,137.9037108,137.4878523,124.8418546,108.9532978,115.5277956,96.92307692,101.1372549,84.97986507,107.8262944
17/03/2021,127.5981498,116.8107383,119.5571416,139.3257632,137.3997813,124.7339436,108.4057061,115.8801338,95.51282051,101.1333333,85.35641441,108.2001113
18/03/2021,125.9647398,115.7610738,118.6972095,137.2634334,133.7706511,125.4111781,108.2487531,116.3214464,95.16666667,100.9215686,82.82516605,109.2420266
19/03/2021,126.2217058,115.4550336,118.6972095,137.5641162,133.6309524,124.1311305,108.5452199,115.3284931,95.80769231,101.0078431,82.49568537,108.0569474
20/03/2021,,,,,,,,,,,,
21/03/2021,,,,,,,,,,,,
22/03/2021,125.7345876,116.0697987,118.9936004,138.0522834,135.9268707,123.8780978,109.5357678,115.1042779,95.87820513,101.8509804,81.94655091,107.1343355
23/03/2021,122.7604853,115.3214765,117.3594636,137.0228873,135.0431244,122.103148,108.3394371,113.4849455,96.91666667,102.1137255,80.49788191,105.9333492
24/03/2021,121.0667441,114.5288591,116.163932,134.7942976,133.2725948,122.1664062,107.6697708,113.4529148,96.61538462,101.3803922,82.06160766,105.9253957
25/03/2021,122.4610641,114.8114094,116.6876001,135.2930772,133.0721574,122.5385131,107.980189,114.4814578,97.38461538,101.854902,81.5333926,106.8082399
26/03/2021,124.4341161,116.4771812,118.2665789,136.4851958,136.1394558,125.0613976,109.6159883,116.2324721,97.75,103.0431373,83.35861095,108.2001113
27/03/2021,,,,,,,,,,,,
28/03/2021,,,,,,,,,,,,
29/03/2021,122.5325676,116.4879195,117.3973431,136.159751,135.3741497,125.0688398,109.891528,116.246708,98.49358974,104.1137255,82.73102871,107.2377316
30/03/2021,123.4665832,116.1201342,117.6299368,137.068874,134.3658892,124.6409169,108.9428342,116.5243078,97.46794872,103.2117647,82.1662047,107.8819693
31/03/2021,123.9067772,116.404698,117.8472458,137.8188121,136.3338192,124.2390415,109.2462767,116.2894156,98.18589744,102.7333333,81.42879557,106.9434503
01/04/2021,125.580408,117.5241611,119.337839,138.9614065,139.1946064,125.2548932,109.2148861,117.0510357,98.17948718,102.5647059,82.56367345,107.9615048
02/04/2021,125.6474426,117.5939597,119.412269,139.1913403,139.3251944,125.3776885,109.2113983,117.1613638,98.12820513,102.6,82.5584436,107.9217371
03/04/2021,,,,,,,,,,,,
04/04/2021,,,,,,,,,,,,
05/04/2021,126.3244922,118.990604,120.1745117,141.4270048,141.5968173,126.4940091,109.8287468,118.1685529,98.96153846,103.545098,81.6432195,108.7011851
06/04/2021,126.6328514,119.0597315,120.6357118,141.9753086,141.4176385,127.4503237,109.6473789,118.0795786,99.47435897,104.1372549,81.67982846,108.772767
07/04/2021,126.0786986,119.3255034,120.5340351,141.9576214,142.0553936,126.8661159,109.2602281,117.8802762,99.61538462,104.3647059,82.05114795,109.1545375
08/04/2021,126.6417894,119.938255,121.074317,142.5094627,144.1630224,127.4168341,109.6613303,118.4070041,99.90384615,104.8509804,80.99471785,109.2420266
09/04/2021,126.795969,120.5751678,121.496973,143.5600835,145.4263848,127.8670834,110.7111716,119.1401523,99.80128205,104.7058824,80.47173265,109.6317506
10/04/2021,,,,,,,,,,,,
11/04/2021,,,,,,,,,,,,
12/04/2021,126.6060376,120.4677852,121.3261827,144.0694754,144.7278912,127.2754335,110.5542185,119.1187985,100.0320513,104.9254902,80.10564301,109.9578462
13/04/2021,126.7356378,120.9389262,121.6950099,145.4632283,146.2888727,127.413113,111.1332008,118.9728806,100.6666667,104.6156863,80.08995345,109.4329118
14/04/2021,127.4752531,120.6610738,121.9189644,144.6107043,144.7855928,128.5926918,111.2378361,119.0013524,100.8012821,104.5568627,82.1766644,110.0373817
15/04/2021,128.1925234,121.8785235,122.8586428,145.763911,147.1574344,130.3862469,112.9224652,119.6170546,101.5897436,105.4862745,81.7844255,109.9896604
16/04/2021,128.7600831,122.3778523,123.2487357,146.800382,147.0602527,131.6774578,113.6339856,120.3679977,102.1538462,106.0784314,81.2614403,110.6816193
17/04/2021,,,,,,,,,,,,
18/04/2021,,,,,,,,,,,,
19/04/2021,128.167944,121.9731544,122.9569968,145.7108493,145.7817055,131.8449059,113.7316452,120.0548082,102,105.9490196,81.29281941,110.7213871
20/04/2021,126.0876366,120.8389262,121.5959914,143.5813081,144.3300534,130.4569472,113.80489,118.3749733,102.4615385,105.7098039,79.21656817,108.7568599
21/04/2021,127.3456528,121.5536913,122.3024117,144.6036294,145.632896,131.420704,115.0570263,118.8625525,101.7115385,106.2117647,80.04811464,109.2977014
22/04/2021,127.5244118,121.0563758,122.5237079,144.034101,144.7035957,130.6764903,114.9489031,119.3963983,101.8846154,106.2156863,79.19041891,108.7489064
23/04/2021,128.8271177,121.9449664,123.6042717,145.0175103,146.5713071,131.800253,115.3011754,120.0903979,101.8333333,105.9176471,79.52512944,110.1010101
24/04/2021,,,,,,,,,,,,
25/04/2021,,,,,,,,,,,,
26/04/2021,130.0627891,122.2644295,124.4921151,145.795748,147.6494169,133.0244846,115.0814412,120.1615773,101.4679487,105.0470588,80.18409079,110.8804581
27/04/2021,130.0359752,122.095302,124.310692,145.4703032,147.0845481,132.4998139,114.4152628,120.6100078,100.8333333,104.7803922,80.70707599,111.5485564
28/04/2021,130.1097133,122.1416107,124.0535098,145.6896247,146.10362,132.3881819,114.0420634,120.1153107,100.5897436,104.7843137,82.74671827,112.1132586
29/04/2021,129.9711751,122.6751678,124.2349329,145.5693516,145.7968902,132.5444668,113.6549126,120.3110542,100.8461538,105.7529412,83.27493332,113.4494552
30/04/2021,128.5857931,121.6919463,123.0427241,144.8901624,143.75,130.5797425,113.3305431,119.3465727,101.0705128,105.5294118,81.69028816,112.3280045
01/05/2021,,,,,,,,,,,,
02/05/2021,,,,,,,,,,,,
03/05/2021,,,,,,,,,,,,
04/05/2021,129.2404978,122.1288591,123.3284821,144.568255,143.3187561,132.0867753,114.3943357,120.3644388,101.4487179,106.3411765,83.43705873,112.9324743
05/05/2021,127.9623712,121.0214765,122.3469367,142.5731367,140.3486395,132.4365558,113.7909386,119.948039,100.6923077,105.7215686,83.64102296,112.7336356
06/05/2021,128.1746475,121.4302013,122.8759212,142.5023878,140.2879009,135.0599092,114.007185,120.7238949,99.90384615,105.9254902,86.0990534,113.9346218
07/05/2021,128.3154202,122.3637584,122.9962054,142.9516431,141.0289116,136.674853,114.0664783,121.6883764,100.6153846,107.2,86.46514304,115.135608
08/05/2021,130.1030099,123.4087248,124.5778425,144.313559,142.4076774,138.3604971,115.0116843,123.1297601,101.3910256,107.7176471,87.77260604,116.0423129
09/05/2021,,,,,,,,,,,,
10/05/2021,,,,,,,,,,,,
11/05/2021,128.8159453,122.6154362,124.1020222,142.6049736,138.9698737,139.435886,115.0047086,123.3005908,102,108.4039216,88.06024789,116.3922691
12/05/2021,127.4104529,121.2738255,122.5389927,140.6982914,138.4627065,138.3344497,113.7944264,121.1972382,100.5833333,107.1882353,85.95784739,114.4595562
13/05/2021,124.2553572,119.2342282,119.9133422,137.1254731,134.5207726,135.8227283,112.8771232,118.7379885,98.79487179,106.3882353,86.38669526,113.3619661
14/05/2021,124.9167654,119.9255034,120.3652385,137.4084686,135.6474733,135.6813277,113.5502773,119.5316393,99.98076923,107.3058824,85.07923226,114.4197884
15/05/2021,127.3456528,121.790604,122.525037,139.9660405,138.7633625,136.6264791,114.4292142,121.4499253,100.9230769,108.1098039,87.45358506,116.3843156
16/05/2021,,,,,,,,,,,,
17/05/2021,,,,,,,,,,,,
18/05/2021,127.4462047,121.5973154,122.3828226,140.0155648,137.7915452,137.8060579,114.4710683,120.8271051,100.2820513,108.2392157,88.81857643,116.4638511
19/05/2021,127.4908945,121.285906,122.5655748,139.9094414,137.2357872,137.8172211,114.7570716,120.6491565,100.6794872,108.3058824,87.73076722,116.2331981
20/05/2021,126.2798025,120.6114094,121.5262133,138.6996356,137.4331876,134.8515294,114.4187507,119.3999573,100.2628205,107.8627451,85.37733382,115.1753758
21/05/2021,127.1222041,121.9134228,122.8021558,140.1818246,140.2241254,135.1380516,115.7022776,120.0583671,101.0769231,108.8,85.52376968,115.596914
22/05/2021,127.3679977,121.9456376,122.867282,139.8882168,139.6714043,135.0078142,115.8592306,120.5601822,101.4679487,108.8705882,85.72773391,116.2252446
23/05/2021,,,,,,,,,,,,
24/05/2021,,,,,,,,,,,,
25/05/2021,128.0137644,122.9389262,123.7032902,141.1086349,141.9065841,135.5176007,116.0126958,121.2612997,101.3589744,109.2039216,86.33962659,116.6308757
26/05/2021,127.5132393,122.9087248,123.6235438,141.7347625,142.2011662,135.0040932,115.7790101,121.2933305,100.6602564,109.3764706,84.95371581,116.2570588
27/05/2021,128.6103725,123.0261745,124.0295859,142.8490573,142.3196064,134.8217608,115.3918594,121.4606022,100.6153846,109.2941176,85.53945923,116.2252446
28/05/2021,129.2069805,123.0020134,124.4276534,143.1143656,141.6332604,135.5064374,115.0570263,122.3432273,99.86538462,108.5215686,85.39302338,117.2512527
29/05/2021,129.4304292,123.352349,124.8303727,143.2947752,142.16776,136.0720399,115.5557881,122.9126628,100.2435897,108.6196078,85.4453219,117.617116
30/05/2021,,,,,,,,,,,,
31/05/2021,129.475119,123.1946309,124.7227151,143.2063391,142.0948737,135.8934286,115.4720798,122.5994733,99.92307692,108.4980392,85.39302338,117.3546489
01/06/2021,130.599066,123.3845638,125.343408,143.6732817,141.7122206,137.9511796,114.0908932,123.3931241,99.71794872,108.4470588,88.12300612,118.1738646
02/06/2021,130.6459902,123.5651007,125.4244835,143.588383,142.3317541,137.7502419,113.8083778,123.3753292,99.73076923,108.8431373,89.53506616,118.2136324
03/06/2021,129.7857127,123.0456376,124.7599301,142.1910927,140.9104713,136.6264791,114.0804297,122.9518115,99.57051282,109.0509804,89.71288113,118.1738646
04/06/2021,130.4918106,124.0986577,125.59328,143.3230747,143.4614917,137.3744139,114.8024136,123.4785394,99.6474359,109.654902,90.18879766,118.4522389
05/06/2021,,,,,,,,,,,,
06/06/2021,,,,,,,,,,,,
07/06/2021,131.4124193,124.2241611,125.8644178,143.4822597,143.6862245,136.4478678,115.4930069,123.2151755,99.92307692,109.772549,90.12603943,118.1022827
08/06/2021,132.3062141,124.185906,126.2658081,144.3595458,143.7682216,136.3883307,115.3953472,123.3219446,99.57692308,109.3803922,90.61764552,117.8239084
09/06/2021,131.5911782,124.0362416,125.7255262,143.683894,143.7469631,135.3985265,116.7311918,122.5389707,100.0384615,109.1607843,90.41368129,116.6706434
10/06/2021,131.2627086,124.561745,125.7953043,144.0411758,144.9131438,135.2906155,118.4332601,122.0940992,100.2564103,109.5058824,90.3143141,115.9786845
11/06/2021,131.9621031,124.7489933,126.1541631,144.6991404,145.8576288,135.699933,118.0007673,122.0940992,100.5705128,109.427451,90.23586632,116.217291
12/06/2021,,,,,,,,,,,,
13/06/2021,,,,,,,,,,,,
14/06/2021,131.62693,125.1187919,126.1063153,144.8300258,147.4854227,134.9333929,118.0740121,121.9624173,101.0128205,109.4039216,90.59672611,115.6605424
15/06/2021,131.2157844,125.0214765,125.941506,144.3949202,146.6775996,134.3343008,118.143769,122.4998221,101.1794872,109.5882353,91.81005178,115.9389167
16/06/2021,130.9230666,124.6214765,125.7534374,144.5859422,146.2099125,133.5938081,117.9658889,122.0158018,100.5320513,108.9372549,91.42827258,115.9627774
17/06/2021,128.9656559,124.2872483,124.4568937,144.7309774,147.8255588,129.8727395,118.1751596,120.3003773,99.94871795,108.5764706,88.74535851,113.6085262
18/06/2021,126.8116104,122.5348993,122.6832008,143.340762,146.5257532,127.3052021,116.929999,118.5600399,97.76923077,106.7803922,85.94215784,110.9043188
19/06/2021,,,,,,,,,,,,
20/06/2021,,,,,,,,,,,,
21/06/2021,128.4159721,123.6651007,123.9777508,143.9987265,147.6342323,128.8606088,117.9693767,119.9124493,98.65384615,107.6431373,88.45771665,112.2723296
22/06/2021,129.0662079,124.4536913,124.771892,145.5056776,149.1132167,130.0215822,118.2728192,120.7701616,98.23717949,107.9803922,89.15328696,112.5188897
23/06/2021,129.3388153,124.3073826,124.7247088,145.7992854,148.9826288,130.010419,117.7461547,120.4712079,97.32051282,107.4901961,89.56644527,112.7734033
24/06/2021,130.2057963,124.9436242,125.3653382,146.1954791,150.0091108,130.5388107,118.2763071,121.1082639,97.3974359,107.7372549,90.05282151,113.6562475
25/06/2021,131.0727772,125.3671141,126.1262519,146.7473204,149.8663751,131.2495349,118.8099473,121.5887252,98.06410256,108.345098,90.4346007,114.8015589
26/06/2021,,,,,,,,,,,,
27/06/2021,,,,,,,,,,,,
28/06/2021,130.2303756,125.4624161,125.7248616,146.7154834,151.4243197,130.60579,119.1203655,120.8306641,98.44230769,108.4117647,87.75168663,113.7675972
29/06/2021,129.81923,125.461745,125.5361284,146.9878666,152.3475462,130.4829947,119.1482683,120.6669514,97.37820513,108,87.33329847,113.4096874
30/06/2021,129.6069537,125.2127517,124.989201,146.3971134,151.797862,130.1332143,118.8413379,120.5601822,96.69871795,107.9803922,87.77783589,113.2665235
01/07/2021,,,,,,,,,,,,
02/07/2021,130.3577414,125.6597315,125.4842933,146.8746684,151.7097911,130.5834636,119.5877367,121.0655563,97.6025641,107.9098039,89.02777051,113.9107612
03/07/2021,130.0873684,126.4738255,125.8723925,148.2542715,153.5653547,130.8551016,120.2608908,121.5424585,97.78846154,108.1372549,88.94932273,113.735783
04/07/2021,,,,,,,,,,,,
05/07/2021,,,,,,,,,,,,
06/07/2021,130.3912587,126.6087248,126.1282455,148.2259719,153.6655734,131.3611669,120.1806704,121.8805609,97.93589744,108.2509804,89.34679149,114.1334606
07/07/2021,129.1756977,126.3637584,125.5640397,148.6504652,154.4733965,129.7313388,120.1806704,121.2185921,98.17307692,107.8078431,86.99335809,112.5984252
08/07/2021,128.5924966,126.6892617,125.6889757,148.5761789,155.1415209,130.8551016,120.661993,121.9090327,98.82051282,108.3960784,85.74342346,112.5745645
09/07/2021,127.3657632,125.6,124.3146793,147.7590293,153.595724,129.1768996,120.2853057,120.6705104,98.23717949,107.8196078,85.28319649,110.5702696
10/07/2021,129.3164704,126.8281879,125.8564432,149.0643461,155.0655977,131.5397782,120.6131631,122.0193608,98.55769231,108.2392157,86.67956697,112.9086137
11/07/2021,,,,,,,,,,,,
12/07/2021,,,,,,,,,,,,
13/07/2021,129.8594508,127.4697987,126.4193199,150.0795925,155.2538873,132.3584133,121.1258763,122.7026835,99.11538462,108.4823529,86.58542963,113.9187147
14/07/2021,128.516524,127.2107383,125.4829642,148.9334607,155.7944606,131.800253,120.9026542,122.0976582,98.53205128,108.5411765,85.88985932,112.9961028
15/07/2021,127.4417357,127.2691275,125.026416,148.6929145,156.462585,131.8374637,120.6515294,121.8093815,98.85897436,108.9882353,84.37843209,112.6541001
16/07/2021,126.4786718,126.6590604,124.3292995,147.4194347,155.0230807,131.9379326,120.1004499,121.3324792,99.22435897,108.9568627,83.14418702,112.6779607
17/07/2021,125.3457869,125.8718121,123.5663922,145.8134352,153.6443149,130.0960036,120.4562101,120.6527155,99.8974359,109.2078431,81.3817269,111.5406029
18/07/2021,,,,,,,,,,,,
19/07/2021,,,,,,,,,,,,
20/07/2021,123.0219203,123.8302013,121.5514663,143.9739644,151.6399417,126.921932,119.6086638,118.2717631,98.06410256,108.3686275,78.26996496,108.4069037
21/07/2021,125.0463656,125.0456376,123.0174711,145.3924794,153.7597182,127.4317184,120.5503819,119.8483878,98.16025641,108.2627451,78.93938602,110.0612423
22/07/2021,127.1222041,126.2731544,124.5565768,147.0267784,155.3601798,129.3220213,120.9410205,121.2541818,98.08974359,108.4901961,81.45494483,112.1371192
23/07/2021,126.6373204,126.7040268,124.864265,147.9359015,156.6539116,129.6680807,121.5792962,121.5602534,98.59615385,108.0313725,80.8692014,111.8587449
24/07/2021,127.222756,127.8375839,125.6165394,149.135095,158.1845238,130.2671727,122.7581877,122.0407146,99.48717949,109.0823529,80.62862821,111.9621411
25/07/2021,,,,,,,,,,,,
26/07/2021,,,,,,,,,,,,
27/07/2021,127.910978,128.1704698,125.9508098,149.9310198,158.2148931,131.8783955,122.0152768,122.2578119,99.53846154,109.1019608,82.52183463,112.6541001
28/07/2021,127.309901,127.6463087,125.6969504,148.5620291,156.6174684,132.3360869,122.325695,121.9837711,100.5448718,109.2901961,81.9256315,112.5507039
29/07/2021,128.1791165,127.6261745,125.9494807,148.600941,156.6933916,132.4886507,122.887238,121.6670226,100.3205128,108.5843137,82.40154804,112.2723296
30/07/2021,129.3365808,128.4234899,127.0187471,150.0548304,157.6287658,134.6468706,123.2813644,122.6955655,100.6025641,109.3137255,83.62010355,113.8312256
31/07/2021,128.6572967,127.5463087,126.2824219,146.7720825,157.1641156,134.0105678,123.1767291,122.0976582,99.49358974,109.2117647,82.20804351,112.956335
01/08/2021,,,,,,,,,,,,
02/08/2021,128.9745939,127.8221477,126.8572606,147.9005271,157.2916667,134.125921,123.6266611,122.3645811,100.1602564,109.454902,82.0563778,113.2506164
03/08/2021,129.1779322,128.5174497,127.2181131,148.4311437,158.1663022,134.6543127,124.8508946,123.0834935,100.5448718,109.6745098,83.30631243,113.8391792
04/08/2021,128.3109512,128.2489933,126.8991274,147.5114083,158.7099125,134.2189477,124.5579157,122.3859349,100.5448718,108.7411765,81.73212698,113.7119224
05/08/2021,129.5555605,128.8993289,127.7264964,148.6681524,159.6240282,133.5417132,124.5335007,123.0051961,101.1923077,109.0784314,82.55321374,114.817466
06/08/2021,129.47065,128.7637584,127.3696312,147.6564435,159.074344,133.478455,123.8498832,122.8130116,100.9294872,108.6980392,82.94022279,116.2411517
07/08/2021,,,,,,,,,,,,
08/08/2021,,,,,,,,,,,,
09/08/2021,129.0014077,128.747651,127.2021638,147.5078708,158.7949466,133.1733274,124.4079383,122.3645811,101.0448718,108.9098039,81.95701062,116.519526
10/08/2021,129.3991464,128.8013423,127.5364341,147.9677385,157.6773567,134.4198854,124.101008,122.9802833,101.1730769,109.3294118,83.01867057,117.3944166
11/08/2021,130.1856859,129.1731544,128.282063,148.3745446,157.4101069,136.0013396,123.3929755,124.4074311,101.9487179,109.7372549,83.69332148,118.6431242
12/08/2021,130.0672581,129.4503356,128.3325691,148.50543,158.2908163,135.4208529,124.1533257,124.4359029,101.7115385,109.5921569,83.15987658,118.5794957
13/08/2021,129.8996715,129.8778523,128.5332642,148.5620291,158.9862731,136.1204138,125.0183112,124.556908,102.4679487,110.5254902,82.52183463,118.4204247
14/08/2021,,,,,,,,,,,,
15/08/2021,,,,,,,,,,,,
16/08/2021,128.9164972,129.8395973,127.9504509,147.4265096,159.2535228,134.8589715,125.9914199,124.3113389,102.8653846,110.8235294,81.08885519,117.8000477
17/08/2021,127.3456528,128.9885906,126.7648877,144.4904312,157.9567541,133.2477488,127.069164,123.3041498,102.6346154,110.7686275,80.56586999,116.5990615
18/08/2021,127.0551695,127.9926174,126.2385614,144.2604974,156.2317784,131.6551314,126.0158348,122.5923553,102.7628205,109.8,79.33162492,116.0502664
19/08/2021,125.4351664,127.4718121,125.1646431,142.1274187,157.1793003,128.6968817,126.2913746,121.2612997,103,109.8235294,76.81606611,114.5709059
20/08/2021,126.3848234,128.1724832,125.8431521,142.6332732,158.9619776,128.7713031,126.8773325,121.229269,104.1025641,110.0431373,76.97819152,114.9924441
21/08/2021,,,,,,,,,,,,
22/08/2021,,,,,,,,,,,,
23/08/2021,128.3310616,129.5073826,127.2712773,144.8264884,161.2943392,130.549974,127.2121656,122.631504,103.4038462,110.3019608,79.50943988,116.1695697
24/08/2021,129.5957813,129.7758389,128.2674429,146.0115321,161.6648445,131.904443,126.7866485,123.2863549,102.974359,109.7686275,80.63385806,116.8615287
25/08/2021,130.1007754,129.8677852,128.761206,146.5103116,161.5949951,132.0384014,126.4239127,123.5675137,102.75,109.3921569,80.94241933,117.8239084
26/08/2021,129.3075325,129.2275168,128.0880135,145.5622767,160.7203596,131.1713924,125.9983956,123.2507652,102.2115385,108.9843137,80.22592961,117.1637636
27/08/2021,131.4839229,130.1557047,129.2709185,146.3652765,162.3451166,132.7491255,125.9600293,123.9340878,102.1730769,109.4196078,81.9151718,118.1738646
28/08/2021,,,,,,,,,,,,
29/08/2021,,,,,,,,,,,,
30/08/2021,131.5733023,130.7610738,129.4716136,147.3875977,164.0883139,133.2737962,126.5424994,124.2579543,102.4551282,109.9490196,81.46017468,117.1080888
31/08/2021,131.6649163,130.5268456,129.3280701,147.907602,163.1316812,132.8198259,126.4797182,124.0301801,102.4679487,109.9803922,80.72276555,116.837668
01/09/2021,132.4201729,130.9033557,130.0132246,148.5266546,163.4930758,132.5742353,126.8040878,124.4394619,103.7307692,110.5960784,80.17886094,117.0524139
02/09/2021,133.3407816,131.2255034,130.8346126,148.5903286,163.611516,132.8123837,127.8957832,125.4039433,104.2371795,110.7960784,81.95701062,117.3864631
03/09/2021,133.2893884,131.3503356,130.8405936,148.632778,164.4800777,133.1658852,128.035297,125.2010819,103.6346154,110.772549,81.63275979,117.0524139
04/09/2021,,,,,,,,,,,,
05/09/2021,,,,,,,,,,,,
06/09/2021,133.4033473,131.5832215,131.0838201,149.0501963,164.7594752,133.0728585,128.2445677,125.6601893,103.4102564,110.9019608,81.70597772,117.3148811
07/09/2021,132.5162559,131.2087248,130.2936661,149.5914252,164.595481,132.1872442,127.4109728,124.3896363,102.1858974,109.9882353,81.38695675,116.7263183
08/09/2021,131.3520881,130.7315436,129.6995554,149.3225795,163.6024052,130.8067277,126.8808203,123.9412058,103.25,110.2392157,80.61293865,116.1457091
09/09/2021,131.3721985,130.2275168,129.4988603,149.1244826,163.1711613,130.6281164,125.5589271,123.6137803,102.8974359,109.8117647,80.43512369,116.2252446
10/09/2021,130.8426251,129.6006711,129.1539571,148.8910114,162.0110544,131.0337129,124.5544278,123.5853086,101.6538462,109.7176471,80.4769625,115.8593812
11/09/2021,,,,,,,,,,,,
12/09/2021,,,,,,,,,,,,
13/09/2021,131.3297433,129.8040268,129.1419951,148.6823022,161.8956511,131.2197663,123.7382721,123.7988469,102.0064103,109.8196078,82.52706448,116.7899467
14/09/2021,130.5767211,129.3657718,128.8376297,148.5195798,161.9351312,130.4829947,123.8394196,123.2970318,101.7371795,109.3568627,81.7739658,115.7718921
15/09/2021,131.0057426,129.8912752,129.1107611,148.4488309,163.0527211,130.717422,124.2544732,123.5532778,100.7820513,109.2862745,84.05941112,116.2570588
16/09/2021,130.7979353,129.642953,129.0708879,148.8874739,163.1802721,129.1099204,124.101008,123.2329703,100.0897436,108.8901961,83.24878406,116.0502664
17/09/2021,130.4806382,128.5483221,128.0807034,148.4346811,161.087828,125.9432909,124.0138119,122.1368069,98.73076923,108.3372549,82.40677789,115.3105862
18/09/2021,,,,,,,,,,,,
19/09/2021,,,,,,,,,,,,
20/09/2021,128.1433647,126.4463087,126.0418536,145.4420036,158.1450437,123.4948277,123.201144,120.6206847,98.33333333,107.4862745,80.32006694,112.2882367
21/09/2021,128.167944,126.6174497,126.0511573,145.7426863,158.2968902,123.4204063,123.6475882,120.3573208,98.42307692,107.7647059,81.06270593,112.4154935
22/09/2021,129.4773535,127.6281879,127.1403603,147.2248753,160.2344509,124.6967329,123.6406125,121.0157307,98.37820513,107.9960784,83.28539302,113.9823431
23/09/2021,131.2135499,128.9416107,128.5545299,148.5549542,162.2904519,125.8167746,124.5090858,122.2044274,98.40384615,108.3019608,85.38256367,116.1616162
24/09/2021,130.7197283,128.8684564,128.2029812,148.8273374,162.1234208,124.9088338,123.8777859,122.0158018,97.77564103,108.0470588,85.69635479,116.3365943
25/09/2021,,,,,,,,,,,,
26/09/2021,,,,,,,,,,,,
27/09/2021,131.4906263,128.5228188,127.9451345,149.0501963,160.3468173,125.0055816,122.2071082,121.8342943,96.98717949,107.4470588,88.32697035,117.8239084
28/09/2021,128.8539316,125.8993289,125.4158443,146.1070431,155.1749271,123.1189998,119.8807157,119.9160083,95.59615385,105.9921569,88.64599132,115.9945916
29/09/2021,128.1612406,125.8100671,124.8815434,145.9761576,154.4399903,122.2705961,120.4387709,119.4035163,96.05769231,106.5843137,88.44202709,115.9309632
30/09/2021,127.3612942,124.8738255,124.0481934,144.1897485,153.7414966,122.0175634,119.7063235,118.026194,95.08974359,105.4392157,88.03409864,115.0560725
01/10/2021,128.3020133,125.5832215,124.5432857,144.6071669,155.2933673,122.0919848,119.4621743,118.3287067,95.37179487,105.254902,89.64489305,115.7400779
02/10/2021,,,,,,,,,,,,
03/10/2021,,,,,,,,,,,,
04/10/2021,127.4372668,124.2697987,123.6527841,143.0825286,151.5154276,122.1515219,118.3111855,117.5884405,96.33333333,105.2627451,91.22430835,115.3185397
05/10/2021,127.6651845,125.2899329,124.3552171,143.4256606,153.5137269,122.5496763,118.5518468,118.2610862,96.47435897,105.4901961,92.09769364,117.1001352
06/10/2021,126.8294863,125.361745,123.9418649,142.9445683,154.367104,121.7049937,118.210038,117.9941633,97.10897436,105.8039216,90.73793212,116.9012964
07/10/2021,128.4360825,126.6241611,125.2523641,145.2156072,156.1133382,123.6139019,119.6400544,119.1010036,97.28205128,106.4039216,91.41258302,118.0307007
08/10/2021,128.0517507,126.5436242,124.9513215,144.8618628,155.3753644,123.6287862,119.3156848,119.0689729,96.74358974,106.2313725,93.72940746,118.6272171
09/10/2021,,,,,,,,,,,,
10/10/2021,,,,,,,,,,,,
11/10/2021,127.6026188,126.014094,124.5705324,144.5824048,154.6434645,124.4660266,118.7785567,118.6347783,95.53846154,106.0431373,93.95429109,118.1022827
12/10/2021,127.9690747,125.6268456,124.7951514,145.070572,154.066448,124.3878842,118.1577203,118.3251477,96.08333333,105.8862745,93.99612991,117.7841406
13/10/2021,128.7086899,126.1610738,125.6770138,146.1601047,155.4907677,125.080003,118.5099927,118.930173,97.22435897,106.4156863,93.94383139,117.2114849
14/10/2021,130.4806382,128.0731544,127.4633333,147.6422937,158.946793,127.628935,119.9155942,120.7238949,98.12820513,107.5372549,95.1623869,118.7147061
15/10/2021,130.8917838,129.1758389,128.1464941,149.9982313,160.273931,128.4103595,120.5643333,122.0620685,98.03205128,107.572549,96.06192145,120.2736022
16/10/2021,,,,,,,,,,,,
17/10/2021,,,,,,,,,,,,
18/10/2021,130.8627355,129.3697987,128.3073161,150.9816407,161.601069,128.2019796,119.7342262,121.8841199,97.37820513,106.9882353,96.08284086,120.2497415
19/10/2021,131.5219091,130.3154362,129.103451,150.928579,163.1529397,128.6857185,121.1363399,122.7382732,98.57051282,106.9137255,96.90915747,121.3473316
20/10/2021,132.0939378,130.7704698,129.6909162,150.9498037,162.5789602,129.0727097,122.4547452,123.3539754,100.0192308,107.7960784,97.52628001,122.2381293
21/10/2021,132.2682278,130.9624161,129.8836367,152.2338958,163.2470845,128.1461636,122.9744341,123.1973806,99.91025641,107.7568627,95.99916322,121.9995228
22/10/2021,132.3218555,130.8496644,130.1507872,151.5865436,162.8370991,128.0903475,123.4069269,123.7347854,100.2692308,108.4705882,96.28157523,122.9619025
23/10/2021,,,,,,,,,,,,
24/10/2021,,,,,,,,,,,,
25/10/2021,132.7910978,131.2469799,130.3381912,153.606424,163.2987123,129.1359678,123.4801716,123.5461599,99.75641026,108.2627451,97.48444119,122.9857631
26/10/2021,132.3978281,131.6543624,130.1880022,154.3457498,163.611516,129.3890005,123.9789334,123.5817496,100.3205128,108.7372549,97.70409497,123.3436729
27/10/2021,130.7510111,131.1302013,128.9851605,154.4872475,163.0466472,128.3471013,123.0999965,122.638622,100.1602564,108.3607843,95.71675122,121.9358944
28/10/2021,132.5050835,132.2295302,130.3056281,156.1675333,164.8475462,129.1210836,124.1498378,123.7383444,101.0320513,109.2588235,95.95732441,122.9539489
29/10/2021,131.8816616,132.1214765,129.6736378,155.8774629,165.2939747,127.8633624,124.7148687,123.40736,100.0192308,108.9019608,95.02641075,122.1188261
30/10/2021,,,,,,,,,,,,
31/10/2021,,,,,,,,,,,,
01/11/2021,134.3597077,132.6684564,130.871163,158.1485019,165.5095967,128.6447868,125.2171183,124.3255748,100.6987179,109.3882353,96.29726479,122.6835282
02/11/2021,133.9396242,132.9268456,130.857872,157.3384273,166.5937804,128.004763,126.0228105,124.5747028,100.6153846,109.8313725,95.11008838,122.5721785
03/11/2021,135.2736129,133.6758389,131.2692305,159.4219817,167.5382653,129.2029471,126.7447944,124.425226,100.224359,110.6862745,94.28377177,123.1448342
04/11/2021,135.4233236,134.2362416,131.5257481,161.4383247,170.0589164,128.8494456,126.2948624,125.1299025,99.90384615,110.772549,94.43543748,121.9120337
05/11/2021,136.3774496,134.561745,131.7968859,162.3439103,170.5600097,129.2141103,124.9032123,125.574774,100.3717949,111.2,95.68014225,122.190408
06/11/2021,,,,,,,,,,,,
07/11/2021,,,,,,,,,,,,
08/11/2021,136.7260295,134.6865772,132.4601102,160.7166861,171.619898,130.7062588,125.5310244,126.2082711,99.42948718,110.4352941,96.29726479,122.5960391
09/11/2021,136.2701942,134.2234899,132.3717246,159.1920478,171.0489553,130.5462529,125.0915559,126.1726813,99.51282051,110.9098039,96.3286439,121.8961266
10/11/2021,134.5965634,133.1832215,131.0459406,157.8725813,167.8723275,129.9359976,125.0497018,125.3541177,100.0833333,111.0117647,94.56095393,121.570031
11/11/2021,135.007709,133.1167785,131.4805585,157.4021012,168.6710398,131.528615,124.7462593,125.2366716,99.49358974,110.7686275,94.20009414,121.641613
12/11/2021,135.3920408,134.0134228,132.4288762,158.6968057,170.9244412,132.3695765,124.976457,126.1370916,99.27564103,110.9882353,93.54113279,121.8802195
13/11/2021,,,,,,,,,,,,
14/11/2021,,,,,,,,,,,,
15/11/2021,135.3540545,134.1436242,132.4315344,159.0364003,170.8302964,131.8300216,124.4986223,126.218948,100.2884615,111.4,94.26285236,122.031337
16/11/2021,135.0769781,134.3174497,132.4534646,160.6353249,172.4246842,130.8141698,124.4253776,125.8808456,99.57051282,110.6470588,94.37267925,121.570031
17/11/2021,133.9999553,133.9973154,131.8201453,160.9926067,171.8476676,130.5871846,124.6137212,125.2758203,99.62820513,110.4,93.33716856,120.5122087
18/11/2021,133.530713,134.3469799,131.4067931,162.8426899,173.2476919,130.0848404,124.4497925,125.2153178,99.28846154,110.1568627,92.58929972,119.9475066
19/11/2021,132.7910978,134.1181208,130.9416057,163.0407867,174.2559524,130.1294932,124.0068362,124.8950103,99.36538462,109.9294118,89.67104231,118.7226597
20/11/2021,,,,,,,,,,,,
21/11/2021,,,,,,,,,,,,
22/11/2021,132.1900208,133.3744966,130.0783508,161.6859457,171.4801992,130.1220511,123.1732413,124.5782618,99.46153846,110.1372549,90.59672611,119.4464328
23/11/2021,131.5062677,133.242953,129.5925623,160.5928756,170.4476433,130.2113567,122.7860905,124.1476262,99.47435897,110.3294118,92.57884002,120.3133699
24/11/2021,131.1755636,133.2932886,129.6483848,160.4230783,171.4801992,129.2922527,122.5314778,123.5461599,99.60897436,109.7882353,93.37377752,120.1861131
25/11/2021,131.4682815,133.4530201,129.9235099,160.5221267,171.6502672,129.4745851,122.684943,123.8807033,100.1730769,110.0745098,93.39469693,120.329277
26/11/2021,127.8863987,130.4979866,127.1569742,156.3337932,167.6415209,126.761926,122.1722298,120.7630436,98.63461538,108.7529412,89.25265415,116.2968265
27/11/2021,,,,,,,,,,,,
28/11/2021,,,,,,,,,,,,
29/11/2021,127.6204947,131.5919463,127.6042186,157.6921716,171.3890914,127.0484483,122.1059607,120.5779771,99.5,108.7843137,89.93776476,116.3445478
30/11/2021,125.3837732,129.4161074,125.0623019,155.4140578,169.5304908,125.1283769,120.1597433,118.3358246,97.43589744,106.2431373,87.99748967,114.0698322
01/12/2021,124.3938954,128.904698,124.1777813,154.2113269,167.4927114,125.679095,120.257403,118.6276603,98.02564103,106.3176471,88.09685686,114.3084387
02/12/2021,125.8217326,129.7832215,125.5593878,154.8480668,168.3916424,126.166555,120.1911339,120.0868389,98.16666667,106.7568627,89.65535275,116.0741271
03/12/2021,124.2933435,128.7671141,124.4841404,152.569953,165.4701166,125.6158369,119.9958146,119.823475,98.69230769,107.6117647,89.34156163,114.8572338
04/12/2021,,,,,,,,,,,,
05/12/2021,,,,,,,,,,,,
06/12/2021,125.8820638,130.0852349,125.5753371,153.9672433,166.6028912,127.1898489,120.5050399,121.3324792,100.3269231,109.2980392,90.79023064,116.1616162
07/12/2021,128.6729381,132.8530201,128.3837397,157.9291804,172.7465986,129.9806504,122.1687419,123.3682113,101.1089744,109.9647059,92.81418336,118.1818182
08/12/2021,129.3276428,133.3181208,129.0987992,158.3501362,173.7730807,130.5202054,123.3267064,123.6671649,101.1346154,109.8156863,92.76188484,117.9829794
09/12/2021,127.6294327,132.3993289,127.7411166,155.9163748,171.662415,129.5862172,123.3859998,123.1368781,100.9423077,109.9098039,91.56947858,117.4262308
10/12/2021,127.2294595,133.2006711,127.658712,156.1286215,174.2195092,129.8020391,123.5743434,123.0799345,101.1987179,111.3294118,91.91464882,117.370556
11/12/2021,,,,,,,,,,,,
12/12/2021,,,,,,,,,,,,
13/12/2021,125.8597189,132.0718121,126.7662168,153.1465563,171.7170797,129.307137,124.3625964,122.0798633,101.7948718,111.9019608,89.77563935,116.0502664
14/12/2021,124.8653722,131.1154362,125.5892927,152.0499487,168.8259232,129.1843417,123.560392,120.7310129,101.2948718,111.6745098,89.54029601,116.3525014
15/12/2021,125.763636,132.7671141,126.5475787,153.7266971,173.0958455,128.8792141,125.6565868,121.5638124,102.5833333,112.3215686,88.84472569,116.5513402
16/12/2021,125.2675798,132.3966443,126.4658386,151.6891294,168.8137755,131.0002233,126.6889889,122.4677913,103.1794872,113.3686275,90.13126929,118.0227472
17/12/2021,125.327911,131.1302013,125.9381832,150.5925218,167.9300292,129.8876237,125.9565415,120.7523667,102.275641,112.2823529,88.3426599,116.1616162
18/12/2021,,,,,,,,,,,,
19/12/2021,,,,,,,,,,,,
20/12/2021,123.2185552,129.5503356,124.0648072,148.0632495,165.798105,127.6735879,124.8090405,118.794932,102.1217949,112.0588235,87.16071335,113.9982502
21/12/2021,125.9625053,131.6416107,126.5077055,151.1337508,170.2229106,129.3666741,125.7019288,120.6278027,102.5128205,112.1254902,89.57690497,115.986638
22/12/2021,127.2920251,132.9926174,127.547067,153.5286002,172.345724,130.3229888,127.135433,121.481956,103.0384615,112.7647059,90.24109618,116.8933429
23/12/2021,128.3623444,133.9255034,128.4721253,155.4105204,173.4025753,131.4765201,127.5993164,122.9375756,103.1346154,113.0392157,90.62810522,117.9273045
24/12/2021,128.4695998,133.9449664,128.567821,155.4211327,173.3873907,131.5062886,127.6655854,123.0051961,103.1602564,113.0509804,90.65425448,117.9829794
25/12/2021,,,,,,,,,,,,
26/12/2021,,,,,,,,,,,,
27/12/2021,129.3365808,135.2818792,129.5580055,156.4682161,176.6065355,132.4514401,128.642182,123.7063136,103.3461538,113.6862745,91.76298311,118.7067526
28/12/2021,129.3231739,135.3255034,129.7354413,156.7759737,175.6650875,133.04309,128.5759129,124.4038722,104.2692308,114.3803922,91.74729355,118.8817307
29/12/2021,129.8795611,135.4798658,130.1268632,156.7901235,175.5587949,133.7761405,129.1269924,124.7562104,104.8269231,114.9215686,91.46488154,119.0805695
30/12/2021,129.810292,135.1711409,129.9600603,156.4293042,174.7145287,133.53055,129.2874333,124.3255748,104.9935897,114.5058824,90.90528738,118.8340094
31/12/2021,129.8750922,134.9060403,129.9580667,156.125084,173.8763362,134.0105678,128.9177217,124.6957079,105.2820513,115,91.23476806,118.8181023
